consID1,constructorId,consID1 .
consID1,constructorRef,mclaren .
consID1,name,McLaren .
consID1,nationality,British .
consID1,url,<http://en.wikipedia.org/wiki/McLaren> .
consID2,constructorId,consID2 .
consID2,constructorRef,bmw_sauber .
consID2,name,BMW Sauber .
consID2,nationality,German .
consID2,url,<http://en.wikipedia.org/wiki/BMW_Sauber> .
consID3,constructorId,consID3 .
consID3,constructorRef,williams .
consID3,name,Williams .
consID3,nationality,British .
consID3,url,<http://en.wikipedia.org/wiki/Williams_Grand_Prix_Engineering> .
consID4,constructorId,consID4 .
consID4,constructorRef,renault .
consID4,name,Renault .
consID4,nationality,French .
consID4,url,<http://en.wikipedia.org/wiki/Renault_F1> .
consID5,constructorId,consID5 .
consID5,constructorRef,toro_rosso .
consID5,name,Toro Rosso .
consID5,nationality,Italian .
consID5,url,<http://en.wikipedia.org/wiki/Scuderia_Toro_Rosso> .
consID6,constructorId,consID6 .
consID6,constructorRef,ferrari .
consID6,name,Ferrari .
consID6,nationality,Italian .
consID6,url,<http://en.wikipedia.org/wiki/Scuderia_Ferrari> .
consID7,constructorId,consID7 .
consID7,constructorRef,toyota .
consID7,name,Toyota .
consID7,nationality,Japanese .
consID7,url,<http://en.wikipedia.org/wiki/Toyota_Racing> .
consID8,constructorId,consID8 .
consID8,constructorRef,super_aguri .
consID8,name,Super Aguri .
consID8,nationality,Japanese .
consID8,url,<http://en.wikipedia.org/wiki/Super_Aguri_F1> .
consID9,constructorId,consID9 .
consID9,constructorRef,red_bull .
consID9,name,Red Bull .
consID9,nationality,Austrian .
consID9,url,<http://en.wikipedia.org/wiki/Red_Bull_Racing> .
consID10,constructorId,consID10 .
consID10,constructorRef,force_india .
consID10,name,Force India .
consID10,nationality,Indian .
consID10,url,<http://en.wikipedia.org/wiki/Force_India> .
consID11,constructorId,consID11 .
consID11,constructorRef,honda .
consID11,name,Honda .
consID11,nationality,Japanese .
consID11,url,<http://en.wikipedia.org/wiki/Honda_Racing_F1> .
consID12,constructorId,consID12 .
consID12,constructorRef,spyker .
consID12,name,Spyker .
consID12,nationality,Dutch .
consID12,url,<http://en.wikipedia.org/wiki/Spyker_F1> .
consID13,constructorId,consID13 .
consID13,constructorRef,mf1 .
consID13,name,MF1 .
consID13,nationality,Russian .
consID13,url,<http://en.wikipedia.org/wiki/Midland_F1_Racing> .
consID14,constructorId,consID14 .
consID14,constructorRef,spyker_mf1 .
consID14,name,Spyker MF1 .
consID14,nationality,Dutch .
consID14,url,<http://en.wikipedia.org/wiki/Midland_F1_Racing> .
consID15,constructorId,consID15 .
consID15,constructorRef,sauber .
consID15,name,Sauber .
consID15,nationality,Swiss .
consID15,url,<http://en.wikipedia.org/wiki/Sauber> .
consID16,constructorId,consID16 .
consID16,constructorRef,bar .
consID16,name,BAR .
consID16,nationality,British .
consID16,url,<http://en.wikipedia.org/wiki/British_American_Racing> .
consID17,constructorId,consID17 .
consID17,constructorRef,jordan .
consID17,name,Jordan .
consID17,nationality,Irish .
consID17,url,<http://en.wikipedia.org/wiki/Jordan_Grand_Prix> .
consID18,constructorId,consID18 .
consID18,constructorRef,minardi .
consID18,name,Minardi .
consID18,nationality,Italian .
consID18,url,<http://en.wikipedia.org/wiki/Minardi> .
consID19,constructorId,consID19 .
consID19,constructorRef,jaguar .
consID19,name,Jaguar .
consID19,nationality,British .
consID19,url,<http://en.wikipedia.org/wiki/Jaguar_Racing> .
consID20,constructorId,consID20 .
consID20,constructorRef,prost .
consID20,name,Prost .
consID20,nationality,French .
consID20,url,<http://en.wikipedia.org/wiki/Prost_Grand_Prix> .
consID21,constructorId,consID21 .
consID21,constructorRef,arrows .
consID21,name,Arrows .
consID21,nationality,British .
consID21,url,<http://en.wikipedia.org/wiki/Arrows_Grand_Prix_International> .
consID22,constructorId,consID22 .
consID22,constructorRef,benetton .
consID22,name,Benetton .
consID22,nationality,Italian .
consID22,url,<http://en.wikipedia.org/wiki/Benetton_Formula> .
consID23,constructorId,consID23 .
consID23,constructorRef,brawn .
consID23,name,Brawn .
consID23,nationality,British .
consID23,url,<http://en.wikipedia.org/wiki/Brawn_GP> .
consID24,constructorId,consID24 .
consID24,constructorRef,stewart .
consID24,name,Stewart .
consID24,nationality,British .
consID24,url,<http://en.wikipedia.org/wiki/Stewart_Grand_Prix> .
consID25,constructorId,consID25 .
consID25,constructorRef,tyrrell .
consID25,name,Tyrrell .
consID25,nationality,British .
consID25,url,<http://en.wikipedia.org/wiki/Tyrrell_Racing> .
consID26,constructorId,consID26 .
consID26,constructorRef,lola .
consID26,name,Lola .
consID26,nationality,British .
consID26,url,<http://en.wikipedia.org/wiki/MasterCard_Lola> .
consID27,constructorId,consID27 .
consID27,constructorRef,ligier .
consID27,name,Ligier .
consID27,nationality,French .
consID27,url,<http://en.wikipedia.org/wiki/Ligier> .
consID28,constructorId,consID28 .
consID28,constructorRef,forti .
consID28,name,Forti .
consID28,nationality,Italian .
consID28,url,<http://en.wikipedia.org/wiki/Forti> .
consID29,constructorId,consID29 .
consID29,constructorRef,footwork .
consID29,name,Footwork .
consID29,nationality,British .
consID29,url,<http://en.wikipedia.org/wiki/Footwork_Arrows> .
consID30,constructorId,consID30 .
consID30,constructorRef,pacific .
consID30,name,Pacific .
consID30,nationality,British .
consID30,url,<http://en.wikipedia.org/wiki/Pacific_Racing> .
consID31,constructorId,consID31 .
consID31,constructorRef,simtek .
consID31,name,Simtek .
consID31,nationality,British .
consID31,url,<http://en.wikipedia.org/wiki/Simtek> .
consID32,constructorId,consID32 .
consID32,constructorRef,team_lotus .
consID32,name,Team Lotus .
consID32,nationality,British .
consID32,url,<http://en.wikipedia.org/wiki/Team_Lotus> .
consID33,constructorId,consID33 .
consID33,constructorRef,larrousse .
consID33,name,Larrousse .
consID33,nationality,French .
consID33,url,<http://en.wikipedia.org/wiki/Larrousse> .
consID34,constructorId,consID34 .
consID34,constructorRef,brabham .
consID34,name,Brabham .
consID34,nationality,British .
consID34,url,<http://en.wikipedia.org/wiki/Brabham> .
consID35,constructorId,consID35 .
consID35,constructorRef,dallara .
consID35,name,Dallara .
consID35,nationality,Italian .
consID35,url,<http://en.wikipedia.org/wiki/Dallara> .
consID36,constructorId,consID36 .
consID36,constructorRef,fondmetal .
consID36,name,Fondmetal .
consID36,nationality,Italian .
consID36,url,<http://en.wikipedia.org/wiki/Fondmetal> .
consID37,constructorId,consID37 .
consID37,constructorRef,march .
consID37,name,March .
consID37,nationality,British .
consID37,url,<http://en.wikipedia.org/wiki/March_Engineering> .
consID38,constructorId,consID38 .
consID38,constructorRef,moda .
consID38,name,Andrea Moda .
consID38,nationality,Italian .
consID38,url,<http://en.wikipedia.org/wiki/Andrea_Moda_Formula> .
consID39,constructorId,consID39 .
consID39,constructorRef,ags .
consID39,name,AGS .
consID39,nationality,French .
consID39,url,<http://en.wikipedia.org/wiki/Automobiles_Gonfaronnaises_Sportives> .
consID40,constructorId,consID40 .
consID40,constructorRef,lambo .
consID40,name,Lambo .
consID40,nationality,Italian .
consID40,url,<http://en.wikipedia.org/wiki/Modena_(racing_team)> .
consID41,constructorId,consID41 .
consID41,constructorRef,leyton .
consID41,name,Leyton House .
consID41,nationality,British .
consID41,url,<http://en.wikipedia.org/wiki/Leyton_House> .
consID42,constructorId,consID42 .
consID42,constructorRef,coloni .
consID42,name,Coloni .
consID42,nationality,Italian .
consID42,url,<http://en.wikipedia.org/wiki/Enzo_Coloni_Racing_Car_Systems> .
consID44,constructorId,consID44 .
consID44,constructorRef,eurobrun .
consID44,name,Euro Brun .
consID44,nationality,Italian .
consID44,url,<http://en.wikipedia.org/wiki/Euro_Brun> .
consID45,constructorId,consID45 .
consID45,constructorRef,osella .
consID45,name,Osella .
consID45,nationality,Italian .
consID45,url,<http://en.wikipedia.org/wiki/Osella> .
consID46,constructorId,consID46 .
consID46,constructorRef,onyx .
consID46,name,Onyx .
consID46,nationality,British .
consID46,url,<http://en.wikipedia.org/wiki/Onyx_(racing_team)> .
consID47,constructorId,consID47 .
consID47,constructorRef,life .
consID47,name,Life .
consID47,nationality,Italian .
consID47,url,<http://en.wikipedia.org/wiki/Life_(Racing_Team)> .
consID48,constructorId,consID48 .
consID48,constructorRef,rial .
consID48,name,Rial .
consID48,nationality,German .
consID48,url,<http://en.wikipedia.org/wiki/Rial_%28racing_team%29> .
consID49,constructorId,consID49 .
consID49,constructorRef,zakspeed .
consID49,name,Zakspeed .
consID49,nationality,German .
consID49,url,<http://en.wikipedia.org/wiki/Zakspeed> .
consID50,constructorId,consID50 .
consID50,constructorRef,ram .
consID50,name,RAM .
consID50,nationality,British .
consID50,url,<http://en.wikipedia.org/wiki/RAM_Racing> .
consID51,constructorId,consID51 .
consID51,constructorRef,alfa .
consID51,name,Alfa Romeo .
consID51,nationality,Italian .
consID51,url,<http://en.wikipedia.org/wiki/Alfa_Romeo_(Formula_One)> .
consID52,constructorId,consID52 .
consID52,constructorRef,spirit .
consID52,name,Spirit .
consID52,nationality,British .
consID52,url,<http://en.wikipedia.org/wiki/Spirit_(racing_team)> .
consID53,constructorId,consID53 .
consID53,constructorRef,toleman .
consID53,name,Toleman .
consID53,nationality,British .
consID53,url,<http://en.wikipedia.org/wiki/Toleman> .
consID54,constructorId,consID54 .
consID54,constructorRef,ats .
consID54,name,ATS .
consID54,nationality,Italian .
consID54,url,<http://en.wikipedia.org/wiki/ATS_(wheels)> .
consID55,constructorId,consID55 .
consID55,constructorRef,theodore .
consID55,name,Theodore .
consID55,nationality,Hong Kong .
consID55,url,<http://en.wikipedia.org/wiki/Theodore_Racing> .
consID56,constructorId,consID56 .
consID56,constructorRef,fittipaldi .
consID56,name,Fittipaldi .
consID56,nationality,Brazilian .
consID56,url,<http://en.wikipedia.org/wiki/Fittipaldi_%28constructor%29> .
consID57,constructorId,consID57 .
consID57,constructorRef,ensign .
consID57,name,Ensign .
consID57,nationality,British .
consID57,url,<http://en.wikipedia.org/wiki/Ensign_%28racing_team%29> .
consID58,constructorId,consID58 .
consID58,constructorRef,shadow .
consID58,name,Shadow .
consID58,nationality,British .
consID58,url,<http://en.wikipedia.org/wiki/Shadow_Racing_Cars> .
consID59,constructorId,consID59 .
consID59,constructorRef,wolf .
consID59,name,Wolf .
consID59,nationality,Canadian .
consID59,url,<http://en.wikipedia.org/wiki/Walter_Wolf_Racing> .
consID60,constructorId,consID60 .
consID60,constructorRef,merzario .
consID60,name,Merzario .
consID60,nationality,Italian .
consID60,url,<http://en.wikipedia.org/wiki/Merzario> .
consID61,constructorId,consID61 .
consID61,constructorRef,kauhsen .
consID61,name,Kauhsen .
consID61,nationality,German .
consID61,url,<http://en.wikipedia.org/wiki/Kauhsen> .
consID62,constructorId,consID62 .
consID62,constructorRef,rebaque .
consID62,name,Rebaque .
consID62,nationality,Mexican .
consID62,url,<http://en.wikipedia.org/wiki/Rebaque> .
consID63,constructorId,consID63 .
consID63,constructorRef,surtees .
consID63,name,Surtees .
consID63,nationality,British .
consID63,url,<http://en.wikipedia.org/wiki/Surtees> .
consID64,constructorId,consID64 .
consID64,constructorRef,hesketh .
consID64,name,Hesketh .
consID64,nationality,British .
consID64,url,<http://en.wikipedia.org/wiki/Hesketh_Racing> .
consID65,constructorId,consID65 .
consID65,constructorRef,martini .
consID65,name,Martini .
consID65,nationality,French .
consID65,url,<http://en.wikipedia.org/wiki/Martini_(cars)> .
consID66,constructorId,consID66 .
consID66,constructorRef,brm .
consID66,name,BRM .
consID66,nationality,British .
consID66,url,<http://en.wikipedia.org/wiki/BRM> .
consID67,constructorId,consID67 .
consID67,constructorRef,penske .
consID67,name,Penske .
consID67,nationality,American .
consID67,url,<http://en.wikipedia.org/wiki/Penske_Racing> .
consID68,constructorId,consID68 .
consID68,constructorRef,lec .
consID68,name,LEC .
consID68,nationality,British .
consID68,url,<http://en.wikipedia.org/wiki/LEC_(Formula_One)> .
consID69,constructorId,consID69 .
consID69,constructorRef,mcguire .
consID69,name,McGuire .
consID69,nationality,Australian .
consID69,url,<http://en.wikipedia.org/wiki/McGuire_(Formula_One)> .
consID70,constructorId,consID70 .
consID70,constructorRef,boro .
consID70,name,Boro .
consID70,nationality,Dutch .
consID70,url,<http://en.wikipedia.org/wiki/Boro_(Formula_One)> .
consID71,constructorId,consID71 .
consID71,constructorRef,apollon .
consID71,name,Apollon .
consID71,nationality,Swiss .
consID71,url,<http://en.wikipedia.org/wiki/Apollon_(Formula_One)> .
consID72,constructorId,consID72 .
consID72,constructorRef,kojima .
consID72,name,Kojima .
consID72,nationality,Japanese .
consID72,url,<http://en.wikipedia.org/wiki/Kojima_Engineering> .
consID73,constructorId,consID73 .
consID73,constructorRef,parnelli .
consID73,name,Parnelli .
consID73,nationality,American .
consID73,url,<http://en.wikipedia.org/wiki/Parnelli> .
consID74,constructorId,consID74 .
consID74,constructorRef,maki .
consID74,name,Maki .
consID74,nationality,Japanese .
consID74,url,<http://en.wikipedia.org/wiki/Maki_(cars)> .
consID75,constructorId,consID75 .
consID75,constructorRef,hill .
consID75,name,Embassy Hill .
consID75,nationality,British .
consID75,url,<http://en.wikipedia.org/wiki/Hill_(constructor)> .
consID76,constructorId,consID76 .
consID76,constructorRef,lyncar .
consID76,name,Lyncar .
consID76,nationality,British .
consID76,url,<http://en.wikipedia.org/wiki/Lyncar> .
consID77,constructorId,consID77 .
consID77,constructorRef,trojan .
consID77,name,Trojan .
consID77,nationality,British .
consID77,url,<http://en.wikipedia.org/wiki/Trojan_(Racing_team)> .
consID78,constructorId,consID78 .
consID78,constructorRef,amon .
consID78,name,Amon .
consID78,nationality,New Zealand .
consID78,url,<http://en.wikipedia.org/wiki/Amon_(Formula_One_team)> .
consID79,constructorId,consID79 .
consID79,constructorRef,token .
consID79,name,Token .
consID79,nationality,British .
consID79,url,<http://en.wikipedia.org/wiki/Token_(Racing_team)> .
consID80,constructorId,consID80 .
consID80,constructorRef,iso_marlboro .
consID80,name,Iso Marlboro .
consID80,nationality,British .
consID80,url,<http://en.wikipedia.org/wiki/Iso_Marlboro> .
consID81,constructorId,consID81 .
consID81,constructorRef,tecno .
consID81,name,Tecno .
consID81,nationality,Italian .
consID81,url,<http://en.wikipedia.org/wiki/Tecno> .
consID82,constructorId,consID82 .
consID82,constructorRef,matra .
consID82,name,Matra .
consID82,nationality,French .
consID82,url,<http://en.wikipedia.org/wiki/Matra> .
consID83,constructorId,consID83 .
consID83,constructorRef,politoys .
consID83,name,Politoys .
consID83,nationality,British .
consID83,url,<http://en.wikipedia.org/wiki/Frank_Williams_Racing_Cars> .
consID84,constructorId,consID84 .
consID84,constructorRef,connew .
consID84,name,Connew .
consID84,nationality,British .
consID84,url,<http://en.wikipedia.org/wiki/Connew> .
consID85,constructorId,consID85 .
consID85,constructorRef,bellasi .
consID85,name,Bellasi .
consID85,nationality,Swiss .
consID85,url,<http://en.wikipedia.org/wiki/Bellasi> .
consID86,constructorId,consID86 .
consID86,constructorRef,tomaso .
consID86,name,De Tomaso .
consID86,nationality,Italian .
consID86,url,<http://en.wikipedia.org/wiki/De_Tomaso> .
consID87,constructorId,consID87 .
consID87,constructorRef,cooper .
consID87,name,Cooper .
consID87,nationality,British .
consID87,url,<http://en.wikipedia.org/wiki/Cooper_Car_Company> .
consID88,constructorId,consID88 .
consID88,constructorRef,eagle .
consID88,name,Eagle .
consID88,nationality,American .
consID88,url,<http://en.wikipedia.org/wiki/Anglo_American_Racers> .
consID89,constructorId,consID89 .
consID89,constructorRef,lds .
consID89,name,LDS .
consID89,nationality,South African .
consID89,url,<http://en.wikipedia.org/wiki/LDS_(automobile)> .
consID90,constructorId,consID90 .
consID90,constructorRef,protos .
consID90,name,Protos .
consID90,nationality,British .
consID90,url,<http://en.wikipedia.org/wiki/Protos_(constructor)> .
consID91,constructorId,consID91 .
consID91,constructorRef,shannon .
consID91,name,Shannon .
consID91,nationality,British .
consID91,url,<http://en.wikipedia.org/wiki/Shannon_(Formula_One)> .
consID92,constructorId,consID92 .
consID92,constructorRef,scirocco .
consID92,name,Scirocco .
consID92,nationality,British .
consID92,url,<http://en.wikipedia.org/wiki/Scirocco-Powell> .
consID93,constructorId,consID93 .
consID93,constructorRef,re .
consID93,name,RE .
consID93,nationality,Rhodesian .
consID93,url,<http://en.wikipedia.org/wiki/RE_%28automobile%29> .
consID94,constructorId,consID94 .
consID94,constructorRef,brp .
consID94,name,BRP .
consID94,nationality,British .
consID94,url,<http://en.wikipedia.org/wiki/British_Racing_Partnership> .
consID95,constructorId,consID95 .
consID95,constructorRef,porsche .
consID95,name,Porsche .
consID95,nationality,German .
consID95,url,<http://en.wikipedia.org/wiki/Porsche_in_Formula_One> .
consID96,constructorId,consID96 .
consID96,constructorRef,derrington .
consID96,name,Derrington .
consID96,nationality,British .
consID96,url,<http://en.wikipedia.org/wiki/Derrington-Francis> .
consID97,constructorId,consID97 .
consID97,constructorRef,gilby .
consID97,name,Gilby .
consID97,nationality,British .
consID97,url,<http://en.wikipedia.org/wiki/Gilby> .
consID98,constructorId,consID98 .
consID98,constructorRef,stebro .
consID98,name,Stebro .
consID98,nationality,Canadian .
consID98,url,<http://en.wikipedia.org/wiki/Stebro> .
consID99,constructorId,consID99 .
consID99,constructorRef,emeryson .
consID99,name,Emeryson .
consID99,nationality,British .
consID99,url,<http://en.wikipedia.org/wiki/Emeryson> .
consID100,constructorId,consID100 .
consID100,constructorRef,enb .
consID100,name,ENB .
consID100,nationality,Belgium .
consID100,url,<http://en.wikipedia.org/wiki/Ecurie_Nationale_Belge> .
consID101,constructorId,consID101 .
consID101,constructorRef,jbw .
consID101,name,JBW .
consID101,nationality,British .
consID101,url,<http://en.wikipedia.org/wiki/JBW> .
consID102,constructorId,consID102 .
consID102,constructorRef,ferguson .
consID102,name,Ferguson .
consID102,nationality,British .
consID102,url,<http://en.wikipedia.org/wiki/Ferguson_Research_Ltd.> .
consID103,constructorId,consID103 .
consID103,constructorRef,mbm .
consID103,name,MBM .
consID103,nationality,Swiss .
consID103,url,<http://en.wikipedia.org/wiki/Monteverdi_Basel_Motors> .
consID104,constructorId,consID104 .
consID104,constructorRef,behra-porsche .
consID104,name,Behra-Porsche .
consID104,nationality,Italian .
consID104,url,<http://en.wikipedia.org/wiki/Behra-Porsche> .
consID105,constructorId,consID105 .
consID105,constructorRef,maserati .
consID105,name,Maserati .
consID105,nationality,Italian .
consID105,url,<http://en.wikipedia.org/wiki/Maserati> .
consID106,constructorId,consID106 .
consID106,constructorRef,scarab .
consID106,name,Scarab .
consID106,nationality,American .
consID106,url,<http://en.wikipedia.org/wiki/Scarab_(constructor)> .
consID107,constructorId,consID107 .
consID107,constructorRef,watson .
consID107,name,Watson .
consID107,nationality,American .
consID107,url,<http://en.wikipedia.org/wiki/A.J._Watson> .
consID108,constructorId,consID108 .
consID108,constructorRef,epperly .
consID108,name,Epperly .
consID108,nationality,American .
consID108,url,<http://en.wikipedia.org/wiki/Epperly> .
consID109,constructorId,consID109 .
consID109,constructorRef,phillips .
consID109,name,Phillips .
consID109,nationality,American .
consID109,url,<http://en.wikipedia.org/wiki/Phillips_(constructor)> .
consID110,constructorId,consID110 .
consID110,constructorRef,lesovsky .
consID110,name,Lesovsky .
consID110,nationality,American .
consID110,url,<http://en.wikipedia.org/wiki/Lesovsky> .
consID111,constructorId,consID111 .
consID111,constructorRef,trevis .
consID111,name,Trevis .
consID111,nationality,American .
consID111,url,<http://en.wikipedia.org/wiki/Trevis> .
consID112,constructorId,consID112 .
consID112,constructorRef,meskowski .
consID112,name,Meskowski .
consID112,nationality,American .
consID112,url,<http://en.wikipedia.org/wiki/Meskowski> .
consID113,constructorId,consID113 .
consID113,constructorRef,kurtis_kraft .
consID113,name,Kurtis Kraft .
consID113,nationality,American .
consID113,url,<http://en.wikipedia.org/wiki/Kurtis_Kraft> .
consID114,constructorId,consID114 .
consID114,constructorRef,kuzma .
consID114,name,Kuzma .
consID114,nationality,American .
consID114,url,<http://en.wikipedia.org/wiki/Kuzma_(constructor)> .
consID115,constructorId,consID115 .
consID115,constructorRef,vhristensen .
consID115,name,Christensen .
consID115,nationality,American .
consID115,url,<http://en.wikipedia.org/wiki/Christensen_(constructor)> .
consID116,constructorId,consID116 .
consID116,constructorRef,ewing .
consID116,name,Ewing .
consID116,nationality,American .
consID116,url,<http://en.wikipedia.org/wiki/Ewing_(constructor)> .
consID117,constructorId,consID117 .
consID117,constructorRef,aston_martin .
consID117,name,Aston Martin .
consID117,nationality,British .
consID117,url,<http://en.wikipedia.org/wiki/Aston_Martin> .
consID118,constructorId,consID118 .
consID118,constructorRef,vanwall .
consID118,name,Vanwall .
consID118,nationality,British .
consID118,url,<http://en.wikipedia.org/wiki/Vanwall> .
consID119,constructorId,consID119 .
consID119,constructorRef,moore .
consID119,name,Moore .
consID119,nationality,American .
consID119,url,<http://en.wikipedia.org/wiki/Moore_(constructor)> .
consID120,constructorId,consID120 .
consID120,constructorRef,dunn .
consID120,name,Dunn .
consID120,nationality,American .
consID120,url,<http://en.wikipedia.org/wiki/Dunn_Engineering> .
consID121,constructorId,consID121 .
consID121,constructorRef,elder .
consID121,name,Elder .
consID121,nationality,American .
consID121,url,<http://en.wikipedia.org/wiki/Elder_(constructor)> .
consID122,constructorId,consID122 .
consID122,constructorRef,sutton .
consID122,name,Sutton .
consID122,nationality,American .
consID122,url,<http://en.wikipedia.org/wiki/Sutton_(constructor)> .
consID123,constructorId,consID123 .
consID123,constructorRef,fry .
consID123,name,Fry .
consID123,nationality,British .
consID123,url,<http://en.wikipedia.org/wiki/Fry_(racing_team)> .
consID124,constructorId,consID124 .
consID124,constructorRef,tec-mec .
consID124,name,Tec-Mec .
consID124,nationality,Italian .
consID124,url,<http://en.wikipedia.org/wiki/Tec-Mec> .
consID125,constructorId,consID125 .
consID125,constructorRef,connaught .
consID125,name,Connaught .
consID125,nationality,British .
consID125,url,<http://en.wikipedia.org/wiki/Connaught_Engineering> .
consID126,constructorId,consID126 .
consID126,constructorRef,alta .
consID126,name,Alta .
consID126,nationality,British .
consID126,url,<http://en.wikipedia.org/wiki/Alta_auto_racing_team> .
consID127,constructorId,consID127 .
consID127,constructorRef,osca .
consID127,name,OSCA .
consID127,nationality,Italian .
consID127,url,<http://en.wikipedia.org/wiki/Officine_Specializate_Costruzione_Automobili> .
consID128,constructorId,consID128 .
consID128,constructorRef,gordini .
consID128,name,Gordini .
consID128,nationality,French .
consID128,url,<http://en.wikipedia.org/wiki/Gordini> .
consID129,constructorId,consID129 .
consID129,constructorRef,stevens .
consID129,name,Stevens .
consID129,nationality,American .
consID129,url,<http://en.wikipedia.org/wiki/Stevens_(constructor)> .
consID130,constructorId,consID130 .
consID130,constructorRef,bugatti .
consID130,name,Bugatti .
consID130,nationality,French .
consID130,url,<http://en.wikipedia.org/wiki/Bugatti> .
consID131,constructorId,consID131 .
consID131,constructorRef,mercedes .
consID131,name,Mercedes .
consID131,nationality,German .
consID131,url,<http://en.wikipedia.org/wiki/Mercedes-Benz_in_Formula_One> .
consID132,constructorId,consID132 .
consID132,constructorRef,lancia .
consID132,name,Lancia .
consID132,nationality,Italian .
consID132,url,<http://en.wikipedia.org/wiki/Lancia_in_Formula_One> .
consID133,constructorId,consID133 .
consID133,constructorRef,hwm .
consID133,name,HWM .
consID133,nationality,British .
consID133,url,<http://en.wikipedia.org/wiki/Hersham_and_Walton_Motors> .
consID134,constructorId,consID134 .
consID134,constructorRef,schroeder .
consID134,name,Schroeder .
consID134,nationality,American .
consID134,url,<http://en.wikipedia.org/wiki/Schroeder_(constructor)> .
consID135,constructorId,consID135 .
consID135,constructorRef,pawl .
consID135,name,Pawl .
consID135,nationality,American .
consID135,url,<http://en.wikipedia.org/wiki/Pawl_(constructor)> .
consID136,constructorId,consID136 .
consID136,constructorRef,pankratz .
consID136,name,Pankratz .
consID136,nationality,American .
consID136,url,<http://en.wikipedia.org/wiki/Pankratz> .
consID137,constructorId,consID137 .
consID137,constructorRef,arzani-volpini .
consID137,name,Arzani-Volpini .
consID137,nationality,Italian .
consID137,url,<http://en.wikipedia.org/wiki/Arzani-Volpini> .
consID138,constructorId,consID138 .
consID138,constructorRef,nichels .
consID138,name,Nichels .
consID138,nationality,American .
consID138,url,<http://en.wikipedia.org/wiki/Nichels> .
consID139,constructorId,consID139 .
consID139,constructorRef,bromme .
consID139,name,Bromme .
consID139,nationality,American .
consID139,url,<http://en.wikipedia.org/wiki/Bromme> .
consID140,constructorId,consID140 .
consID140,constructorRef,klenk .
consID140,name,Klenk .
consID140,nationality,German .
consID140,url,<http://en.wikipedia.org/wiki/Klenk> .
consID141,constructorId,consID141 .
consID141,constructorRef,simca .
consID141,name,Simca .
consID141,nationality,French .
consID141,url,<http://en.wikipedia.org/wiki/Simca> .
consID142,constructorId,consID142 .
consID142,constructorRef,turner .
consID142,name,Turner .
consID142,nationality,American .
consID142,url,<http://en.wikipedia.org/wiki/Turner_(constructor)> .
consID143,constructorId,consID143 .
consID143,constructorRef,del_roy .
consID143,name,Del Roy .
consID143,nationality,American .
consID143,url,<http://en.wikipedia.org/wiki/Del_Roy> .
consID144,constructorId,consID144 .
consID144,constructorRef,veritas .
consID144,name,Veritas .
consID144,nationality,German .
consID144,url,<http://en.wikipedia.org/wiki/Veritas_(constructor)> .
consID145,constructorId,consID145 .
consID145,constructorRef,bmw .
consID145,name,BMW .
consID145,nationality,German .
consID145,url,<http://en.wikipedia.org/wiki/BMW> .
consID146,constructorId,consID146 .
consID146,constructorRef,emw .
consID146,name,EMW .
consID146,nationality,East German .
consID146,url,<http://en.wikipedia.org/wiki/Eisenacher_Motorenwerk> .
consID147,constructorId,consID147 .
consID147,constructorRef,afm .
consID147,name,AFM .
consID147,nationality,German .
consID147,url,<http://en.wikipedia.org/wiki/Alex_von_Falkenhausen_Motorenbau> .
consID148,constructorId,consID148 .
consID148,constructorRef,frazer_nash .
consID148,name,Frazer Nash .
consID148,nationality,British .
consID148,url,<http://en.wikipedia.org/wiki/Frazer_Nash> .
consID149,constructorId,consID149 .
consID149,constructorRef,sherman .
consID149,name,Sherman .
consID149,nationality,American .
consID149,url,<http://en.wikipedia.org/wiki/Sherman_(constructor)> .
consID150,constructorId,consID150 .
consID150,constructorRef,deidt .
consID150,name,Deidt .
consID150,nationality,American .
consID150,url,<http://en.wikipedia.org/wiki/Deidt> .
consID151,constructorId,consID151 .
consID151,constructorRef,era .
consID151,name,ERA .
consID151,nationality,British .
consID151,url,<http://en.wikipedia.org/wiki/English_Racing_Automobiles> .
consID152,constructorId,consID152 .
consID152,constructorRef,butterworth .
consID152,name,Aston Butterworth .
consID152,nationality,British .
consID152,url,<http://en.wikipedia.org/wiki/Aston_Butterworth> .
consID153,constructorId,consID153 .
consID153,constructorRef,cisitalia .
consID153,name,Cisitalia .
consID153,nationality,Italian .
consID153,url,<http://en.wikipedia.org/wiki/Cisitalia> .
consID154,constructorId,consID154 .
consID154,constructorRef,lago .
consID154,name,Talbot-Lago .
consID154,nationality,French .
consID154,url,<http://en.wikipedia.org/wiki/Talbot-Lago> .
consID155,constructorId,consID155 .
consID155,constructorRef,hall .
consID155,name,Hall .
consID155,nationality,American .
consID155,url,<http://en.wikipedia.org/wiki/Hall_(constructor)> .
consID156,constructorId,consID156 .
consID156,constructorRef,marchese .
consID156,name,Marchese .
consID156,nationality,American .
consID156,url,<http://en.wikipedia.org/wiki/Marchese_(constructor)> .
consID157,constructorId,consID157 .
consID157,constructorRef,langley .
consID157,name,Langley .
consID157,nationality,American .
consID157,url,<http://en.wikipedia.org/wiki/Langley_(constructor)> .
consID158,constructorId,consID158 .
consID158,constructorRef,rae .
consID158,name,Rae .
consID158,nationality,American .
consID158,url,<http://en.wikipedia.org/wiki/Rae_(motorsport)> .
consID159,constructorId,consID159 .
consID159,constructorRef,olson .
consID159,name,Olson .
consID159,nationality,American .
consID159,url,<http://en.wikipedia.org/wiki/Olson_(constructor)> .
consID160,constructorId,consID160 .
consID160,constructorRef,wetteroth .
consID160,name,Wetteroth .
consID160,nationality,American .
consID160,url,<http://en.wikipedia.org/wiki/Wetteroth> .
consID161,constructorId,consID161 .
consID161,constructorRef,adams .
consID161,name,Adams .
consID161,nationality,American .
consID161,url,<http://en.wikipedia.org/wiki/Adams_(constructor)> .
consID162,constructorId,consID162 .
consID162,constructorRef,snowberger .
consID162,name,Snowberger .
consID162,nationality,American .
consID162,url,<http://en.wikipedia.org/wiki/Snowberger> .
consID163,constructorId,consID163 .
consID163,constructorRef,milano .
consID163,name,Milano .
consID163,nationality,Italian .
consID163,url,<http://en.wikipedia.org/wiki/Scuderia_Milano> .
consID164,constructorId,consID164 .
consID164,constructorRef,hrt .
consID164,name,HRT .
consID164,nationality,Spanish .
consID164,url,<http://en.wikipedia.org/wiki/Hispania_Racing> .
consID167,constructorId,consID167 .
consID167,constructorRef,cooper-maserati .
consID167,name,Cooper-Maserati .
consID167,nationality,British .
consID167,url,<http://en.wikipedia.org/wiki/Cooper_Car_Company> .
consID166,constructorId,consID166 .
consID166,constructorRef,virgin .
consID166,name,Virgin .
consID166,nationality,British .
consID166,url,<http://en.wikipedia.org/wiki/Virgin_Racing> .
consID168,constructorId,consID168 .
consID168,constructorRef,cooper-osca .
consID168,name,Cooper-OSCA .
consID168,nationality,British .
consID168,url,<http://en.wikipedia.org/wiki/Cooper_Car_Company> .
consID169,constructorId,consID169 .
consID169,constructorRef,cooper-borgward .
consID169,name,Cooper-Borgward .
consID169,nationality,British .
consID169,url,<http://en.wikipedia.org/wiki/Cooper_Car_Company> .
consID170,constructorId,consID170 .
consID170,constructorRef,cooper-climax .
consID170,name,Cooper-Climax .
consID170,nationality,British .
consID170,url,<http://en.wikipedia.org/wiki/Cooper_Car_Company> .
consID171,constructorId,consID171 .
consID171,constructorRef,cooper-castellotti .
consID171,name,Cooper-Castellotti .
consID171,nationality,British .
consID171,url,<http://en.wikipedia.org/wiki/Cooper_Car_Company> .
consID172,constructorId,consID172 .
consID172,constructorRef,lotus-climax .
consID172,name,Lotus-Climax .
consID172,nationality,British .
consID172,url,<http://en.wikipedia.org/wiki/Team_Lotus> .
consID173,constructorId,consID173 .
consID173,constructorRef,lotus-maserati .
consID173,name,Lotus-Maserati .
consID173,nationality,British .
consID173,url,<http://en.wikipedia.org/wiki/Team_Lotus> .
consID174,constructorId,consID174 .
consID174,constructorRef,de_tomaso-osca .
consID174,name,De Tomaso-Osca .
consID174,nationality,Italian .
consID174,url,<http://en.wikipedia.org/wiki/De_Tomaso> .
consID175,constructorId,consID175 .
consID175,constructorRef,de_tomaso-alfa_romeo .
consID175,name,De Tomaso-Alfa Romeo .
consID175,nationality,Italian .
consID175,url,<http://en.wikipedia.org/wiki/De_Tomaso> .
consID176,constructorId,consID176 .
consID176,constructorRef,lotus-brm .
consID176,name,Lotus-BRM .
consID176,nationality,British .
consID176,url,<http://en.wikipedia.org/wiki/Team_Lotus> .
consID177,constructorId,consID177 .
consID177,constructorRef,lotus-borgward .
consID177,name,Lotus-Borgward .
consID177,nationality,British .
consID177,url,<http://en.wikipedia.org/wiki/Team_Lotus> .
consID178,constructorId,consID178 .
consID178,constructorRef,cooper-alfa_romeo .
consID178,name,Cooper-Alfa Romeo .
consID178,nationality,British .
consID178,url,<http://en.wikipedia.org/wiki/Cooper_Car_Company> .
consID179,constructorId,consID179 .
consID179,constructorRef,de_tomaso-ferrari .
consID179,name,De Tomaso-Ferrari .
consID179,nationality,Italian .
consID179,url,<http://en.wikipedia.org/wiki/De_Tomaso> .
consID180,constructorId,consID180 .
consID180,constructorRef,lotus-ford .
consID180,name,Lotus-Ford .
consID180,nationality,British .
consID180,url,<http://en.wikipedia.org/wiki/Team_Lotus> .
consID181,constructorId,consID181 .
consID181,constructorRef,brabham-brm .
consID181,name,Brabham-BRM .
consID181,nationality,British .
consID181,url,<http://en.wikipedia.org/wiki/Brabham> .
consID182,constructorId,consID182 .
consID182,constructorRef,brabham-ford .
consID182,name,Brabham-Ford .
consID182,nationality,British .
consID182,url,<http://en.wikipedia.org/wiki/Brabham> .
consID183,constructorId,consID183 .
consID183,constructorRef,brabham-climax .
consID183,name,Brabham-Climax .
consID183,nationality,British .
consID183,url,<http://en.wikipedia.org/wiki/Brabham> .
consID184,constructorId,consID184 .
consID184,constructorRef,lds-climax .
consID184,name,LDS-Climax .
consID184,nationality,South African .
consID184,url,<http://en.wikipedia.org/wiki/LDS_(automobile)> .
consID185,constructorId,consID185 .
consID185,constructorRef,lds-alfa_romeo .
consID185,name,LDS-Alfa Romeo .
consID185,nationality,South African .
consID185,url,<http://en.wikipedia.org/wiki/LDS_(automobile)> .
consID186,constructorId,consID186 .
consID186,constructorRef,cooper-ford .
consID186,name,Cooper-Ford .
consID186,nationality,British .
consID186,url,<http://en.wikipedia.org/wiki/Cooper_Car_Company> .
consID187,constructorId,consID187 .
consID187,constructorRef,mclaren-ford .
consID187,name,McLaren-Ford .
consID187,nationality,British .
consID187,url,<http://en.wikipedia.org/wiki/Team_McLaren> .
consID188,constructorId,consID188 .
consID188,constructorRef,mclaren-seren .
consID188,name,McLaren-Serenissima .
consID188,nationality,British .
consID188,url,<http://en.wikipedia.org/wiki/Team_McLaren> .
consID189,constructorId,consID189 .
consID189,constructorRef,eagle-climax .
consID189,name,Eagle-Climax .
consID189,nationality,American .
consID189,url,<http://en.wikipedia.org/wiki/Anglo_American_Racers> .
consID190,constructorId,consID190 .
consID190,constructorRef,eagle-weslake .
consID190,name,Eagle-Weslake .
consID190,nationality,American .
consID190,url,<http://en.wikipedia.org/wiki/Anglo_American_Racers> .
consID191,constructorId,consID191 .
consID191,constructorRef,brabham-repco .
consID191,name,Brabham-Repco .
consID191,nationality,British .
consID191,url,<http://en.wikipedia.org/wiki/Brabham> .
consID192,constructorId,consID192 .
consID192,constructorRef,cooper-ferrari .
consID192,name,Cooper-Ferrari .
consID192,nationality,British .
consID192,url,<http://en.wikipedia.org/wiki/Cooper_Car_Company> .
consID193,constructorId,consID193 .
consID193,constructorRef,cooper-ats .
consID193,name,Cooper-ATS .
consID193,nationality,British .
consID193,url,<http://en.wikipedia.org/wiki/Cooper_Car_Company> .
consID194,constructorId,consID194 .
consID194,constructorRef,mclaren-brm .
consID194,name,McLaren-BRM .
consID194,nationality,British .
consID194,url,<http://en.wikipedia.org/wiki/McLaren_(racing)> .
consID195,constructorId,consID195 .
consID195,constructorRef,cooper-brm .
consID195,name,Cooper-BRM .
consID195,nationality,British .
consID195,url,<http://en.wikipedia.org/wiki/Cooper_Car_Company> .
consID196,constructorId,consID196 .
consID196,constructorRef,matra-ford .
consID196,name,Matra-Ford .
consID196,nationality,French .
consID196,url,<http://en.wikipedia.org/wiki/Matra> .
consID197,constructorId,consID197 .
consID197,constructorRef,brm-ford .
consID197,name,BRM-Ford .
consID197,nationality,British .
consID197,url,<http://en.wikipedia.org/wiki/BRM> .
consID198,constructorId,consID198 .
consID198,constructorRef,mclaren-alfa_romeo .
consID198,name,McLaren-Alfa Romeo .
consID198,nationality,British .
consID198,url,<http://en.wikipedia.org/wiki/McLaren_(racing)> .
consID199,constructorId,consID199 .
consID199,constructorRef,march-alfa_romeo .
consID199,name,March-Alfa Romeo .
consID199,nationality,British .
consID199,url,<http://en.wikipedia.org/wiki/March_Engineering> .
consID200,constructorId,consID200 .
consID200,constructorRef,march-ford .
consID200,name,March-Ford .
consID200,nationality,British .
consID200,url,<http://en.wikipedia.org/wiki/March_Engineering> .
consID201,constructorId,consID201 .
consID201,constructorRef,lotus-pw .
consID201,name,Lotus-Pratt &amp; Whitney .
consID201,nationality,British .
consID201,url,<http://en.wikipedia.org/wiki/Team_Lotus> .
consID202,constructorId,consID202 .
consID202,constructorRef,shadow-ford .
consID202,name,Shadow-Ford .
consID202,nationality,British .
consID202,url,<http://en.wikipedia.org/wiki/Shadow_Racing_Cars> .
consID203,constructorId,consID203 .
consID203,constructorRef,shadow-matra .
consID203,name,Shadow-Matra .
consID203,nationality,British .
consID203,url,<http://en.wikipedia.org/wiki/Shadow_Racing_Cars> .
consID204,constructorId,consID204 .
consID204,constructorRef,brabham-alfa_romeo .
consID204,name,Brabham-Alfa Romeo .
consID204,nationality,British .
consID204,url,<http://en.wikipedia.org/wiki/Brabham> .
consID205,constructorId,consID205 .
consID205,constructorRef,lotus_racing .
consID205,name,Lotus .
consID205,nationality,Malaysian .
consID205,url,<http://en.wikipedia.org/wiki/Lotus_Racing> .
consID206,constructorId,consID206 .
consID206,constructorRef,marussia .
consID206,name,Marussia .
consID206,nationality,Russian .
consID206,url,<http://en.wikipedia.org/wiki/Marussia_F1> .
consID207,constructorId,consID207 .
consID207,constructorRef,caterham .
consID207,name,Caterham .
consID207,nationality,Malaysian .
consID207,url,<http://en.wikipedia.org/wiki/Caterham_F1> .
consID208,constructorId,consID208 .
consID208,constructorRef,lotus_f1 .
consID208,name,Lotus F1 .
consID208,nationality,British .
consID208,url,<http://en.wikipedia.org/wiki/Lotus_F1> .
consID209,constructorId,consID209 .
consID209,constructorRef,manor .
consID209,name,Manor Marussia .
consID209,nationality,British .
consID209,url,<http://en.wikipedia.org/wiki/Manor_Motorsport> .
consID210,constructorId,consID210 .
consID210,constructorRef,haas .
consID210,name,Haas F1 Team .
consID210,nationality,American .
consID210,url,<http://en.wikipedia.org/wiki/Haas_F1_Team> .
