driverId,driverRef,number,code,forename,surname,dob,nationality,url
driverID1,hamilton,44,HAM,Lewis,Hamilton,07/01/1985,British,http://en.wikipedia.org/wiki/Lewis_Hamilton
driverID2,heidfeld,,HEI,Nick,Heidfeld,10/05/1977,German,http://en.wikipedia.org/wiki/Nick_Heidfeld
driverID3,rosberg,6,ROS,Nico,Rosberg,27/06/1985,German,http://en.wikipedia.org/wiki/Nico_Rosberg
driverID4,alonso,14,ALO,Fernando,Alonso,29/07/1981,Spanish,http://en.wikipedia.org/wiki/Fernando_Alonso
driverID5,kovalainen,,KOV,Heikki,Kovalainen,19/10/1981,Finnish,http://en.wikipedia.org/wiki/Heikki_Kovalainen
driverID6,nakajima,,NAK,Kazuki,Nakajima,11/01/1985,Japanese,http://en.wikipedia.org/wiki/Kazuki_Nakajima
driverID7,bourdais,,BOU,SÃ©bastien,Bourdais,28/02/1979,French,http://en.wikipedia.org/wiki/S%C3%A9bastien_Bourdais
driverID8,raikkonen,7,RAI,Kimi,RÃ_ikkÃ¶nen,17/10/1979,Finnish,http://en.wikipedia.org/wiki/Kimi_R%C3%A4ikk%C3%B6nen
driverID9,kubica,,KUB,Robert,Kubica,07/12/1984,Polish,http://en.wikipedia.org/wiki/Robert_Kubica
driverID10,glock,,GLO,Timo,Glock,18/03/1982,German,http://en.wikipedia.org/wiki/Timo_Glock
driverID11,sato,,SAT,Takuma,Sato,28/01/1977,Japanese,http://en.wikipedia.org/wiki/Takuma_Sato
driverID12,piquet_jr,,PIQ,Nelson,Piquet Jr.,25/07/1985,Brazilian,"http://en.wikipedia.org/wiki/Nelson_Piquet,_Jr."
driverID13,massa,19,MAS,Felipe,Massa,25/04/1981,Brazilian,http://en.wikipedia.org/wiki/Felipe_Massa
driverID14,coulthard,,COU,David,Coulthard,27/03/1971,British,http://en.wikipedia.org/wiki/David_Coulthard
driverID15,trulli,,TRU,Jarno,Trulli,13/07/1974,Italian,http://en.wikipedia.org/wiki/Jarno_Trulli
driverID16,sutil,99,SUT,Adrian,Sutil,11/01/1983,German,http://en.wikipedia.org/wiki/Adrian_Sutil
driverID17,webber,,WEB,Mark,Webber,27/08/1976,Australian,http://en.wikipedia.org/wiki/Mark_Webber
driverID18,button,22,BUT,Jenson,Button,19/01/1980,British,http://en.wikipedia.org/wiki/Jenson_Button
driverID19,davidson,,DAV,Anthony,Davidson,18/04/1979,British,http://en.wikipedia.org/wiki/Anthony_Davidson
driverID20,vettel,5,VET,Sebastian,Vettel,03/07/1987,German,http://en.wikipedia.org/wiki/Sebastian_Vettel
driverID21,fisichella,,FIS,Giancarlo,Fisichella,14/01/1973,Italian,http://en.wikipedia.org/wiki/Giancarlo_Fisichella
driverID22,barrichello,,BAR,Rubens,Barrichello,23/05/1972,Brazilian,http://en.wikipedia.org/wiki/Rubens_Barrichello
driverID23,ralf_schumacher,,SCH,Ralf,Schumacher,30/06/1975,German,http://en.wikipedia.org/wiki/Ralf_Schumacher
driverID24,liuzzi,,LIU,Vitantonio,Liuzzi,06/08/1980,Italian,http://en.wikipedia.org/wiki/Vitantonio_Liuzzi
driverID25,wurz,,WUR,Alexander,Wurz,15/02/1974,Austrian,http://en.wikipedia.org/wiki/Alexander_Wurz
driverID26,speed,,SPE,Scott,Speed,24/01/1983,American,http://en.wikipedia.org/wiki/Scott_Speed
driverID27,albers,,ALB,Christijan,Albers,16/04/1979,Dutch,http://en.wikipedia.org/wiki/Christijan_Albers
driverID28,markus_winkelhock,,WIN,Markus,Winkelhock,13/06/1980,German,http://en.wikipedia.org/wiki/Markus_Winkelhock
driverID29,yamamoto,,YAM,Sakon,Yamamoto,09/07/1982,Japanese,http://en.wikipedia.org/wiki/Sakon_Yamamoto
driverID30,michael_schumacher,,MSC,Michael,Schumacher,03/01/1969,German,http://en.wikipedia.org/wiki/Michael_Schumacher
driverID31,montoya,,MON,Juan,Pablo Montoya,20/09/1975,Colombian,http://en.wikipedia.org/wiki/Juan_Pablo_Montoya
driverID32,klien,,KLI,Christian,Klien,07/02/1983,Austrian,http://en.wikipedia.org/wiki/Christian_Klien
driverID33,monteiro,,TMO,Tiago,Monteiro,24/07/1976,Portuguese,http://en.wikipedia.org/wiki/Tiago_Monteiro
driverID34,ide,,IDE,Yuji,Ide,21/01/1975,Japanese,http://en.wikipedia.org/wiki/Yuji_Ide
driverID35,villeneuve,,VIL,Jacques,Villeneuve,09/04/1971,Canadian,http://en.wikipedia.org/wiki/Jacques_Villeneuve
driverID36,montagny,,FMO,Franck,Montagny,05/01/1978,French,http://en.wikipedia.org/wiki/Franck_Montagny
driverID37,rosa,,DLR,Pedro,de la Rosa,24/02/1971,Spanish,http://en.wikipedia.org/wiki/Pedro_de_la_Rosa
driverID38,doornbos,,DOO,Robert,Doornbos,23/09/1981,Dutch,http://en.wikipedia.org/wiki/Robert_Doornbos
driverID39,karthikeyan,,KAR,Narain,Karthikeyan,14/01/1977,Indian,http://en.wikipedia.org/wiki/Narain_Karthikeyan
driverID40,friesacher,,FRI,Patrick,Friesacher,26/09/1980,Austrian,http://en.wikipedia.org/wiki/Patrick_Friesacher
driverID41,zonta,,ZON,Ricardo,Zonta,23/03/1976,Brazilian,http://en.wikipedia.org/wiki/Ricardo_Zonta
driverID42,pizzonia,,PIZ,AntÃ´nio,Pizzonia,11/09/1980,Brazilian,http://en.wikipedia.org/wiki/Ant%C3%B4nio_Pizzonia
driverID43,matta,,,Cristiano,da Matta,19/09/1973,Brazilian,http://en.wikipedia.org/wiki/Cristiano_da_Matta
driverID44,panis,,,Olivier,Panis,02/09/1966,French,http://en.wikipedia.org/wiki/Olivier_Panis
driverID45,pantano,,,Giorgio,Pantano,04/02/1979,Italian,http://en.wikipedia.org/wiki/Giorgio_Pantano
driverID46,bruni,,,Gianmaria,Bruni,30/05/1981,Italian,http://en.wikipedia.org/wiki/Gianmaria_Bruni
driverID47,baumgartner,,,Zsolt,Baumgartner,01/01/1981,Hungarian,http://en.wikipedia.org/wiki/Zsolt_Baumgartner
driverID48,gene,,,Marc,GenÃ©,29/03/1974,Spanish,http://en.wikipedia.org/wiki/Marc_Gen%C3%A9
driverID49,frentzen,,,Heinz-Harald,Frentzen,18/05/1967,German,http://en.wikipedia.org/wiki/Heinz-Harald_Frentzen
driverID50,verstappen,,,Jos,Verstappen,04/03/1972,Dutch,http://en.wikipedia.org/wiki/Jos_Verstappen
driverID51,wilson,,,Justin,Wilson,31/07/1978,British,http://en.wikipedia.org/wiki/Justin_Wilson_(racing_driver)
driverID52,firman,,,Ralph,Firman,20/05/1975,Irish,http://en.wikipedia.org/wiki/Ralph_Firman
driverID53,kiesa,,,Nicolas,Kiesa,03/03/1978,Danish,http://en.wikipedia.org/wiki/Nicolas_Kiesa
driverID54,burti,,,Luciano,Burti,05/03/1975,Brazilian,http://en.wikipedia.org/wiki/Luciano_Burti
driverID55,alesi,,,Jean,Alesi,11/06/1964,French,http://en.wikipedia.org/wiki/Jean_Alesi
driverID56,irvine,,,Eddie,Irvine,10/11/1965,British,http://en.wikipedia.org/wiki/Eddie_Irvine
driverID57,hakkinen,,,Mika,HÃ_kkinen,28/09/1968,Finnish,http://en.wikipedia.org/wiki/Mika_H%C3%A4kkinen
driverID58,marques,,,Tarso,Marques,19/01/1976,Brazilian,http://en.wikipedia.org/wiki/Tarso_Marques
driverID59,bernoldi,,,Enrique,Bernoldi,19/10/1978,Brazilian,http://en.wikipedia.org/wiki/Enrique_Bernoldi
driverID60,mazzacane,,,GastÃ_n,Mazzacane,08/05/1975,Argentine,http://en.wikipedia.org/wiki/Gast%C3%B3n_Mazzacane
driverID61,enge,,,TomÃ¡Å¡,Enge,11/09/1976,Czech,http://en.wikipedia.org/wiki/Tom%C3%A1%C5%A1_Enge
driverID62,yoong,,,Alex,Yoong,20/07/1976,Malaysian,http://en.wikipedia.org/wiki/Alex_Yoong
driverID63,salo,,,Mika,Salo,30/11/1966,Finnish,http://en.wikipedia.org/wiki/Mika_Salo
driverID64,diniz,,,Pedro,Diniz,22/05/1970,Brazilian,http://en.wikipedia.org/wiki/Pedro_Diniz
driverID65,herbert,,,Johnny,Herbert,25/06/1964,British,http://en.wikipedia.org/wiki/Johnny_Herbert
driverID66,mcnish,,,Allan,McNish,29/12/1969,British,http://en.wikipedia.org/wiki/Allan_McNish
driverID67,buemi,,BUE,SÃ©bastien,Buemi,31/10/1988,Swiss,http://en.wikipedia.org/wiki/S%C3%A9bastien_Buemi
driverID68,takagi,,,Toranosuke,Takagi,12/02/1974,Japanese,http://en.wikipedia.org/wiki/Toranosuke_Takagi
driverID69,badoer,,BAD,Luca,Badoer,25/01/1971,Italian,http://en.wikipedia.org/wiki/Luca_Badoer
driverID70,zanardi,,,Alessandro,Zanardi,23/10/1966,Italian,http://en.wikipedia.org/wiki/Alex_Zanardi
driverID71,damon_hill,,,Damon,Hill,17/09/1960,British,http://en.wikipedia.org/wiki/Damon_Hill
driverID72,sarrazin,,,StÃ©phane,Sarrazin,02/11/1975,French,http://en.wikipedia.org/wiki/St%C3%A9phane_Sarrazin
driverID73,rosset,,,Ricardo,Rosset,27/07/1968,Brazilian,http://en.wikipedia.org/wiki/Ricardo_Rosset
driverID74,tuero,,,Esteban,Tuero,22/04/1978,Argentine,http://en.wikipedia.org/wiki/Esteban_Tuero
driverID75,nakano,,,Shinji,Nakano,01/04/1971,Japanese,http://en.wikipedia.org/wiki/Shinji_Nakano
driverID76,magnussen,,MAG,Jan,Magnussen,04/07/1973,Danish,http://en.wikipedia.org/wiki/Jan_Magnussen
driverID77,berger,,,Gerhard,Berger,27/08/1959,Austrian,http://en.wikipedia.org/wiki/Gerhard_Berger
driverID78,larini,,,Nicola,Larini,19/03/1964,Italian,http://en.wikipedia.org/wiki/Nicola_Larini
driverID79,katayama,,,Ukyo,Katayama,29/05/1963,Japanese,http://en.wikipedia.org/wiki/Ukyo_Katayama
driverID80,sospiri,,,Vincenzo,Sospiri,07/10/1966,Italian,http://en.wikipedia.org/wiki/Vincenzo_Sospiri
driverID81,morbidelli,,,Gianni,Morbidelli,13/01/1968,Italian,http://en.wikipedia.org/wiki/Gianni_Morbidelli
driverID82,fontana,,,Norberto,Fontana,20/01/1975,Argentine,http://en.wikipedia.org/wiki/Norberto_Fontana
driverID83,lamy,,,Pedro,Lamy,20/03/1972,Portuguese,http://en.wikipedia.org/wiki/Pedro_Lamy
driverID84,brundle,,,Martin,Brundle,01/06/1959,British,http://en.wikipedia.org/wiki/Martin_Brundle
driverID85,montermini,,,Andrea,Montermini,30/05/1964,Italian,http://en.wikipedia.org/wiki/Andrea_Montermini
driverID86,lavaggi,,,Giovanni,Lavaggi,18/02/1958,Italian,http://en.wikipedia.org/wiki/Giovanni_Lavaggi
driverID87,blundell,,,Mark,Blundell,08/04/1966,British,http://en.wikipedia.org/wiki/Mark_Blundell
driverID88,suzuki,,,Aguri,Suzuki,08/09/1960,Japanese,http://en.wikipedia.org/wiki/Aguri_Suzuki
driverID89,inoue,,,Taki,Inoue,05/09/1963,Japanese,http://en.wikipedia.org/wiki/Taki_Inoue
driverID90,moreno,,,Roberto,Moreno,11/02/1959,Brazilian,http://en.wikipedia.org/wiki/Roberto_Moreno
driverID91,wendlinger,,,Karl,Wendlinger,20/12/1968,Austrian,http://en.wikipedia.org/wiki/Karl_Wendlinger
driverID92,gachot,,,Bertrand,Gachot,23/12/1962,Belgian,http://en.wikipedia.org/wiki/Bertrand_Gachot
driverID93,schiattarella,,,Domenico,Schiattarella,17/11/1967,Italian,http://en.wikipedia.org/wiki/Domenico_Schiattarella
driverID94,martini,,,Pierluigi,Martini,23/04/1961,Italian,http://en.wikipedia.org/wiki/Pierluigi_Martini
driverID95,mansell,,,Nigel,Mansell,08/08/1953,British,http://en.wikipedia.org/wiki/Nigel_Mansell
driverID96,boullion,,,Jean-Christophe,Boullion,27/12/1969,French,http://en.wikipedia.org/wiki/Jean-Christophe_Boullion
driverID97,papis,,,Massimiliano,Papis,03/10/1969,Italian,http://en.wikipedia.org/wiki/Massimiliano_Papis
driverID98,deletraz,,,Jean-Denis,DÃ©lÃ©traz,01/10/1963,Swiss,http://en.wikipedia.org/wiki/Jean-Denis_Deletraz
driverID99,tarquini,,,Gabriele,Tarquini,02/03/1962,Italian,http://en.wikipedia.org/wiki/Gabriele_Tarquini
driverID100,comas,,,Ã‰rik,Comas,28/09/1963,French,http://en.wikipedia.org/wiki/%C3%89rik_Comas
driverID101,brabham,,,David,Brabham,05/09/1965,Australian,http://en.wikipedia.org/wiki/David_Brabham
driverID102,senna,,,Ayrton,Senna,21/03/1960,Brazilian,http://en.wikipedia.org/wiki/Ayrton_Senna
driverID103,bernard,,,Ã‰ric,Bernard,24/08/1964,French,http://en.wikipedia.org/wiki/%C3%89ric_Bernard
driverID104,fittipaldi,,,Christian,Fittipaldi,18/01/1971,Brazilian,http://en.wikipedia.org/wiki/Christian_Fittipaldi
driverID105,alboreto,,,Michele,Alboreto,23/12/1956,Italian,http://en.wikipedia.org/wiki/Michele_Alboreto
driverID106,beretta,,,Olivier,Beretta,23/11/1969,Monegasque,http://en.wikipedia.org/wiki/Olivier_Beretta
driverID107,ratzenberger,,,Roland,Ratzenberger,04/07/1960,Austrian,http://en.wikipedia.org/wiki/Roland_Ratzenberger
driverID108,belmondo,,,Paul,Belmondo,23/04/1963,French,http://en.wikipedia.org/wiki/Paul_Belmondo
driverID109,lehto,,,Jyrki,JÃ_rvilehto,31/01/1966,Finnish,http://en.wikipedia.org/wiki/Jyrki_J%C3%A4rvilehto
driverID110,cesaris,,,Andrea,de Cesaris,31/05/1959,Italian,http://en.wikipedia.org/wiki/Andrea_de_Cesaris
driverID111,gounon,,,Jean-Marc,Gounon,01/01/1963,French,http://en.wikipedia.org/wiki/Jean-Marc_Gounon
driverID112,alliot,,,Philippe,Alliot,27/07/1954,French,http://en.wikipedia.org/wiki/Philippe_Alliot
driverID113,adams,,,Philippe,Adams,19/11/1969,Belgian,http://en.wikipedia.org/wiki/Philippe_Adams
driverID114,dalmas,,,Yannick,Dalmas,28/07/1961,French,http://en.wikipedia.org/wiki/Yannick_Dalmas
driverID115,noda,,,Hideki,Noda,07/03/1969,Japanese,http://en.wikipedia.org/wiki/Hideki_Noda
driverID116,lagorce,,,Franck,Lagorce,01/09/1968,French,http://en.wikipedia.org/wiki/Franck_Lagorce
driverID117,prost,,,Alain,Prost,24/02/1955,French,http://en.wikipedia.org/wiki/Alain_Prost
driverID118,warwick,,,Derek,Warwick,27/08/1954,British,http://en.wikipedia.org/wiki/Derek_Warwick
driverID119,patrese,,,Riccardo,Patrese,17/04/1954,Italian,http://en.wikipedia.org/wiki/Riccardo_Patrese
driverID120,barbazza,,,Fabrizio,Barbazza,02/04/1963,Italian,http://en.wikipedia.org/wiki/Fabrizio_Barbazza
driverID121,andretti,,,Michael,Andretti,05/10/1962,American,http://en.wikipedia.org/wiki/Michael_Andretti
driverID122,capelli,,,Ivan,Capelli,24/05/1963,Italian,http://en.wikipedia.org/wiki/Ivan_Capelli
driverID123,boutsen,,,Thierry,Boutsen,13/07/1957,Belgian,http://en.wikipedia.org/wiki/Thierry_Boutsen
driverID124,apicella,,,Marco,Apicella,07/10/1965,Italian,http://en.wikipedia.org/wiki/Marco_Apicella
driverID125,naspetti,,,Emanuele,Naspetti,24/02/1968,Italian,http://en.wikipedia.org/wiki/Emanuele_Naspetti
driverID126,toshio_suzuki,,,Toshio,Suzuki,10/03/1955,Japanese,http://en.wikipedia.org/wiki/Toshio_Suzuki_(driver)
driverID127,gugelmin,,,MaurÃ_cio,Gugelmin,20/04/1963,Brazilian,http://en.wikipedia.org/wiki/Maur%C3%ADcio_Gugelmin
driverID128,poele,,,Eric,van de Poele,30/09/1961,Belgian,http://en.wikipedia.org/wiki/Eric_van_de_Poele
driverID129,grouillard,,,Olivier,Grouillard,02/09/1958,French,http://en.wikipedia.org/wiki/Olivier_Grouillard
driverID130,chiesa,,,Andrea,Chiesa,06/05/1964,Swiss,http://en.wikipedia.org/wiki/Andrea_Chiesa
driverID131,modena,,,Stefano,Modena,12/05/1963,Italian,http://en.wikipedia.org/wiki/Stefano_Modena
driverID132,amati,,,Giovanna,Amati,20/07/1959,Italian,http://en.wikipedia.org/wiki/Giovanna_Amati
driverID133,caffi,,,Alex,Caffi,18/03/1964,Italian,http://en.wikipedia.org/wiki/Alex_Caffi
driverID134,bertaggia,,,Enrico,Bertaggia,19/09/1964,Italian,http://en.wikipedia.org/wiki/Enrico_Bertaggia
driverID135,mccarthy,,,Perry,McCarthy,03/03/1961,British,http://en.wikipedia.org/wiki/Perry_McCarthy
driverID136,lammers,,,Jan,Lammers,02/06/1956,Dutch,http://en.wikipedia.org/wiki/Jan_Lammers
driverID137,piquet,,,Nelson,Piquet,17/08/1952,Brazilian,http://en.wikipedia.org/wiki/Nelson_Piquet
driverID138,satoru_nakajima,,,Satoru,Nakajima,23/02/1953,Japanese,http://en.wikipedia.org/wiki/Satoru_Nakajima
driverID139,pirro,,,Emanuele,Pirro,12/01/1962,Italian,http://en.wikipedia.org/wiki/Emanuele_Pirro
driverID140,johansson,,,Stefan,Johansson,08/09/1956,Swedish,http://en.wikipedia.org/wiki/Stefan_Johansson
driverID141,bailey,,,Julian,Bailey,09/10/1961,British,http://en.wikipedia.org/wiki/Julian_Bailey
driverID142,chaves,,,Pedro,Chaves,27/02/1965,Portuguese,http://en.wikipedia.org/wiki/Pedro_Chaves
driverID143,bartels,,,Michael,Bartels,08/03/1968,German,http://en.wikipedia.org/wiki/Michael_Bartels
driverID144,hattori,,,Naoki,Hattori,13/06/1966,Japanese,http://en.wikipedia.org/wiki/Naoki_Hattori
driverID145,nannini,,,Alessandro,Nannini,07/07/1959,Italian,http://en.wikipedia.org/wiki/Alessandro_Nannini
driverID146,schneider,,,Bernd,Schneider,20/07/1964,German,http://en.wikipedia.org/wiki/Bernd_Schneider_(racecar_driver)
driverID147,barilla,,,Paolo,Barilla,20/04/1961,Italian,http://en.wikipedia.org/wiki/Paolo_Barilla
driverID148,foitek,,,Gregor,Foitek,27/03/1965,Swiss,http://en.wikipedia.org/wiki/Gregor_Foitek
driverID149,langes,,,Claudio,Langes,20/07/1960,Italian,http://en.wikipedia.org/wiki/Claudio_Langes
driverID150,gary_brabham,,,Gary,Brabham,29/03/1961,Australian,http://en.wikipedia.org/wiki/Gary_Brabham
driverID151,donnelly,,,Martin,Donnelly,26/03/1964,British,http://en.wikipedia.org/wiki/Martin_Donnelly_(racing_driver)
driverID152,giacomelli,,,Bruno,Giacomelli,10/09/1952,Italian,http://en.wikipedia.org/wiki/Bruno_Giacomelli
driverID153,alguersuari,,ALG,Jaime,Alguersuari,23/03/1990,Spanish,http://en.wikipedia.org/wiki/Jaime_Alguersuari
driverID154,grosjean,8,GRO,Romain,Grosjean,17/04/1986,French,http://en.wikipedia.org/wiki/Romain_Grosjean
driverID155,kobayashi,10,KOB,Kamui,Kobayashi,13/09/1986,Japanese,http://en.wikipedia.org/wiki/Kamui_Kobayashi
driverID156,palmer,,,Jonathan,Palmer,07/11/1956,British,http://en.wikipedia.org/wiki/Jonathan_Palmer
driverID157,danner,,,Christian,Danner,04/04/1958,German,http://en.wikipedia.org/wiki/Christian_Danner
driverID158,cheever,,,Eddie,Cheever,10/01/1958,American,http://en.wikipedia.org/wiki/Eddie_Cheever
driverID159,sala,,,Luis,PÃ©rez-Sala,15/05/1959,Spanish,http://en.wikipedia.org/wiki/Luis_Perez-Sala
driverID160,ghinzani,,,Piercarlo,Ghinzani,16/01/1952,Italian,http://en.wikipedia.org/wiki/Piercarlo_Ghinzani
driverID161,weidler,,,Volker,Weidler,18/03/1962,German,http://en.wikipedia.org/wiki/Volker_Weidler
driverID162,raphanel,,,Pierre-Henri,Raphanel,27/05/1961,French,http://en.wikipedia.org/wiki/Pierre-Henri_Raphanel
driverID163,arnoux,,,RenÃ©,Arnoux,04/07/1948,French,http://en.wikipedia.org/wiki/Ren%C3%A9_Arnoux
driverID164,joachim_winkelhock,,,Joachim,Winkelhock,24/10/1960,German,http://en.wikipedia.org/wiki/Joachim_Winkelhock
driverID165,larrauri,,,Oscar,Larrauri,19/08/1954,Argentine,http://en.wikipedia.org/wiki/Oscar_Larrauri
driverID166,streiff,,,Philippe,Streiff,26/06/1955,French,http://en.wikipedia.org/wiki/Philippe_Streiff
driverID167,campos,,,AdriÃ¡n,Campos,17/06/1960,Spanish,http://en.wikipedia.org/wiki/Adri%C3%A1n_Campos
driverID168,schlesser,,,Jean-Louis,Schlesser,12/09/1948,French,http://en.wikipedia.org/wiki/Jean-Louis_Schlesser
driverID169,fabre,,,Pascal,Fabre,09/01/1960,French,http://en.wikipedia.org/wiki/Pascal_Fabre
driverID170,fabi,,,Teo,Fabi,09/03/1955,Italian,http://en.wikipedia.org/wiki/Teo_Fabi
driverID171,forini,,,Franco,Forini,22/09/1958,Swiss,http://en.wikipedia.org/wiki/Franco_Forini
driverID172,laffite,,,Jacques,Laffite,21/11/1943,French,http://en.wikipedia.org/wiki/Jacques_Laffite
driverID173,angelis,,,Elio,de Angelis,26/03/1958,Italian,http://en.wikipedia.org/wiki/Elio_de_Angelis
driverID174,dumfries,,,Johnny,Dumfries,26/04/1958,British,http://en.wikipedia.org/wiki/Johnny_Dumfries
driverID175,tambay,,,Patrick,Tambay,25/06/1949,French,http://en.wikipedia.org/wiki/Patrick_Tambay
driverID176,surer,,,Marc,Surer,18/09/1951,Swiss,http://en.wikipedia.org/wiki/Marc_Surer
driverID177,keke_rosberg,,,Keke,Rosberg,06/12/1948,Finnish,http://en.wikipedia.org/wiki/Keke_Rosberg
driverID178,jones,,,Alan,Jones,02/11/1946,Australian,http://en.wikipedia.org/wiki/Alan_Jones_(Formula_1)
driverID179,rothengatter,,,Huub,Rothengatter,08/10/1954,Dutch,http://en.wikipedia.org/wiki/Huub_Rothengatter
driverID180,berg,,,Allen,Berg,01/08/1961,Canadian,http://en.wikipedia.org/wiki/Allen_Berg
driverID181,manfred_winkelhock,,,Manfred,Winkelhock,06/10/1951,German,http://en.wikipedia.org/wiki/Manfred_Winkelhock
driverID182,lauda,,,Niki,Lauda,22/02/1949,Austrian,http://en.wikipedia.org/wiki/Niki_Lauda
driverID183,hesnault,,,FranÃ§ois,Hesnault,30/12/1956,French,http://en.wikipedia.org/wiki/Fran%C3%A7ois_Hesnault
driverID184,baldi,,,Mauro,Baldi,31/01/1954,Italian,http://en.wikipedia.org/wiki/Mauro_Baldi
driverID185,bellof,,,Stefan,Bellof,20/11/1957,German,http://en.wikipedia.org/wiki/Stefan_Bellof
driverID186,acheson,,,Kenny,Acheson,27/11/1957,British,http://en.wikipedia.org/wiki/Kenny_Acheson
driverID187,watson,,,John,Watson,04/05/1946,British,http://en.wikipedia.org/wiki/John_Watson_(racing_driver)
driverID188,cecotto,,,Johnny,Cecotto,25/01/1956,Venezuelan,http://en.wikipedia.org/wiki/Johnny_Cecotto
driverID189,gartner,,,Jo,Gartner,24/01/1954,Austrian,http://en.wikipedia.org/wiki/Jo_Gartner
driverID190,corrado_fabi,,,Corrado,Fabi,12/04/1961,Italian,http://en.wikipedia.org/wiki/Corrado_Fabi
driverID191,thackwell,,,Mike,Thackwell,30/03/1961,New Zealander,http://en.wikipedia.org/wiki/Mike_Thackwell
driverID192,serra,,,Chico,Serra,03/02/1957,Brazilian,http://en.wikipedia.org/wiki/Chico_Serra
driverID193,sullivan,,,Danny,Sullivan,09/03/1950,American,http://en.wikipedia.org/wiki/Danny_Sullivan
driverID194,salazar,,,Eliseo,Salazar,14/11/1954,Chilean,http://en.wikipedia.org/wiki/Eliseo_Salazar
driverID195,guerrero,,,Roberto,Guerrero,16/11/1958,Colombian,http://en.wikipedia.org/wiki/Roberto_Guerrero
driverID196,boesel,,,Raul,Boesel,04/12/1957,Brazilian,http://en.wikipedia.org/wiki/Raul_Boesel
driverID197,jarier,,,Jean-Pierre,Jarier,10/07/1946,French,http://en.wikipedia.org/wiki/Jean-Pierre_Jarier
driverID198,villeneuve_sr,,,Jacques,Villeneuve Sr.,04/11/1953,Canadian,http://en.wikipedia.org/wiki/Jacques_Villeneuve_(elder)
driverID199,reutemann,,,Carlos,Reutemann,12/04/1942,Argentine,http://en.wikipedia.org/wiki/Carlos_Reutemann
driverID200,mass,,,Jochen,Mass,30/09/1946,German,http://en.wikipedia.org/wiki/Jochen_Mass
driverID201,borgudd,,,Slim,Borgudd,25/11/1946,Swedish,http://en.wikipedia.org/wiki/Slim_Borgudd
driverID202,pironi,,,Didier,Pironi,26/03/1952,French,http://en.wikipedia.org/wiki/Didier_Pironi
driverID203,gilles_villeneuve,,,Gilles,Villeneuve,18/01/1950,Canadian,http://en.wikipedia.org/wiki/Gilles_Villeneuve
driverID204,paletti,,,Riccardo,Paletti,15/06/1958,Italian,http://en.wikipedia.org/wiki/Riccardo_Paletti
driverID205,henton,,,Brian,Henton,19/09/1946,British,http://en.wikipedia.org/wiki/Brian_Henton
driverID206,daly,,,Derek,Daly,11/03/1953,Irish,http://en.wikipedia.org/wiki/Derek_Daly
driverID207,mario_andretti,,,Mario,Andretti,28/02/1940,American,http://en.wikipedia.org/wiki/Mario_Andretti
driverID208,villota,,,Emilio,de Villota,26/07/1946,Spanish,http://en.wikipedia.org/wiki/Emilio_de_Villota
driverID209,lees,,,Geoff,Lees,01/05/1951,British,http://en.wikipedia.org/wiki/Geoff_Lees
driverID210,byrne,,,Tommy,Byrne,06/05/1958,Irish,http://en.wikipedia.org/wiki/Tommy_Byrne_%28racing_driver%29
driverID211,keegan,,,Rupert,Keegan,26/02/1955,British,http://en.wikipedia.org/wiki/Rupert_Keegan
driverID212,rebaque,,,Hector,Rebaque,05/02/1956,Mexican,http://en.wikipedia.org/wiki/Hector_Rebaque
driverID213,gabbiani,,,Beppe,Gabbiani,02/01/1957,Italian,http://en.wikipedia.org/wiki/Beppe_Gabbiani
driverID214,cogan,,,Kevin,Cogan,31/03/1956,American,http://en.wikipedia.org/wiki/Kevin_Cogan
driverID215,guerra,,,Miguel ÃÅngel,Guerra,31/08/1953,Argentine,http://en.wikipedia.org/wiki/Miguel_Angel_Guerra
driverID216,stohr,,,Siegfried,Stohr,10/10/1952,Italian,http://en.wikipedia.org/wiki/Siegfried_Stohr
driverID217,zunino,,,Ricardo,Zunino,13/04/1949,Argentine,http://en.wikipedia.org/wiki/Ricardo_Zunino
driverID218,londono,,,Ricardo,LondoÃ±o,08/08/1949,Colombian,http://en.wikipedia.org/wiki/Ricardo_Londo%C3%B1o
driverID219,jabouille,,,Jean-Pierre,Jabouille,01/10/1942,French,http://en.wikipedia.org/wiki/Jean-Pierre_Jabouille
driverID220,francia,,,Giorgio,Francia,08/11/1947,Italian,http://en.wikipedia.org/wiki/Giorgio_Francia
driverID221,depailler,,,Patrick,Depailler,09/08/1944,French,http://en.wikipedia.org/wiki/Patrick_Depailler
driverID222,scheckter,,,Jody,Scheckter,29/01/1950,South African,http://en.wikipedia.org/wiki/Jody_Scheckter
driverID223,regazzoni,,,Clay,Regazzoni,05/09/1939,Swiss,http://en.wikipedia.org/wiki/Clay_Regazzoni
driverID224,emerson_fittipaldi,,,Emerson,Fittipaldi,12/12/1946,Brazilian,http://en.wikipedia.org/wiki/Emerson_Fittipaldi
driverID225,kennedy,,,Dave,Kennedy,15/01/1953,Irish,http://en.wikipedia.org/wiki/David_Kennedy_(racing_driver)
driverID226,south,,,Stephen,South,19/02/1952,British,http://en.wikipedia.org/wiki/Stephen_South
driverID227,needell,,,Tiff,Needell,29/10/1951,British,http://en.wikipedia.org/wiki/Tiff_Needell
driverID228,desire_wilson,,,DesirÃ©,Wilson,26/11/1953,South African,http://en.wikipedia.org/wiki/Desir%C3%A9_Wilson
driverID229,ertl,,,Harald,Ertl,31/08/1948,Austrian,http://en.wikipedia.org/wiki/Harald_Ertl
driverID230,brambilla,,,Vittorio,Brambilla,11/11/1937,Italian,http://en.wikipedia.org/wiki/Vittorio_Brambilla
driverID231,hunt,,,James,Hunt,29/08/1947,British,http://en.wikipedia.org/wiki/James_Hunt
driverID232,merzario,,,Arturo,Merzario,11/03/1943,Italian,http://en.wikipedia.org/wiki/Arturo_Merzario
driverID233,stuck,,,Hans-Joachim,Stuck,01/01/1951,German,http://en.wikipedia.org/wiki/Hans_Joachim_Stuck
driverID234,brancatelli,,,Gianfranco,Brancatelli,18/01/1950,Italian,http://en.wikipedia.org/wiki/Gianfranco_Brancatelli
driverID235,ickx,,,Jacky,Ickx,01/01/1945,Belgian,http://en.wikipedia.org/wiki/Jacky_Ickx
driverID236,gaillard,,,Patrick,Gaillard,12/02/1952,French,http://en.wikipedia.org/wiki/Patrick_Gaillard
driverID237,ribeiro,,,Alex,Ribeiro,07/11/1948,Brazilian,http://en.wikipedia.org/wiki/Alex_Ribeiro
driverID238,peterson,,,Ronnie,Peterson,14/02/1944,Swedish,http://en.wikipedia.org/wiki/Ronnie_Peterson
driverID239,lunger,,,Brett,Lunger,14/11/1945,American,http://en.wikipedia.org/wiki/Brett_Lunger
driverID240,ongais,,,Danny,Ongais,21/05/1942,American,http://en.wikipedia.org/wiki/Danny_Ongais
driverID241,leoni,,,Lamberto,Leoni,24/05/1953,Italian,http://en.wikipedia.org/wiki/Lamberto_Leoni
driverID242,galica,,,Divina,Galica,13/08/1944,British,http://en.wikipedia.org/wiki/Divina_Galica
driverID243,stommelen,,,Rolf,Stommelen,11/07/1943,German,http://en.wikipedia.org/wiki/Rolf_Stommelen
driverID244,colombo,,,Alberto,Colombo,23/02/1946,Italian,http://en.wikipedia.org/wiki/Alberto_Colombo
driverID245,trimmer,,,Tony,Trimmer,24/01/1943,British,http://en.wikipedia.org/wiki/Tony_Trimmer
driverID246,binder,,,Hans,Binder,12/06/1948,Austrian,http://en.wikipedia.org/wiki/Hans_Binder
driverID247,bleekemolen,,,Michael,Bleekemolen,02/10/1949,Dutch,http://en.wikipedia.org/wiki/Michael_Bleekemolen
driverID248,gimax,,,Carlo,Franchi,01/01/1938,Italian,http://en.wikipedia.org/wiki/Gimax
driverID249,rahal,,,Bobby,Rahal,10/01/1953,American,http://en.wikipedia.org/wiki/Bobby_Rahal
driverID250,pace,,,Carlos,Pace,06/10/1944,Brazilian,http://en.wikipedia.org/wiki/Carlos_Pace
driverID251,ian_scheckter,,,Ian,Scheckter,22/08/1947,South African,http://en.wikipedia.org/wiki/Ian_Scheckter
driverID252,pryce,,,Tom,Pryce,11/06/1949,British,http://en.wikipedia.org/wiki/Tom_Pryce
driverID253,hoffmann,,,Ingo,Hoffmann,28/02/1953,Brazilian,http://en.wikipedia.org/wiki/Ingo_Hoffmann
driverID254,zorzi,,,Renzo,Zorzi,12/12/1946,Italian,http://en.wikipedia.org/wiki/Renzo_Zorzi
driverID255,nilsson,,,Gunnar,Nilsson,20/11/1948,Swedish,http://en.wikipedia.org/wiki/Gunnar_Nilsson
driverID256,perkins,,,Larry,Perkins,18/03/1950,Australian,http://en.wikipedia.org/wiki/Larry_Perkins
driverID257,hayje,,,Boy,Lunger,03/05/1949,Dutch,http://en.wikipedia.org/wiki/Boy_Hayje
driverID258,neve,,,Patrick,NÃ¨ve,13/10/1949,Belgian,http://en.wikipedia.org/wiki/Patrick_Neve
driverID259,purley,,,David,Purley,26/01/1945,British,http://en.wikipedia.org/wiki/David_Purley
driverID260,andersson,,,Conny,Andersson,28/12/1939,Swedish,http://en.wikipedia.org/wiki/Conny_Andersson_(racing_driver)
driverID261,dryver,,,Bernard,de Dryver,19/09/1952,Belgian,http://en.wikipedia.org/wiki/Bernard_de_Dryver
driverID262,oliver,,,Jackie,Oliver,14/08/1942,British,http://en.wikipedia.org/wiki/Jackie_Oliver
driverID263,kozarowitzky,,,Mikko,Kozarowitzky,17/05/1948,Finnish,http://en.wikipedia.org/wiki/Mikko_Kozarowitzky
driverID264,sutcliffe,,,Andy,Sutcliffe,09/05/1947,British,http://en.wikipedia.org/wiki/Andy_Sutcliffe
driverID265,edwards,,,Guy,Edwards,30/12/1942,British,http://en.wikipedia.org/wiki/Guy_Edwards
driverID266,mcguire,,,Brian,McGuire,13/12/1945,Australian,http://en.wikipedia.org/wiki/Brian_McGuire
driverID267,schuppan,,,Vern,Schuppan,19/03/1943,Australian,http://en.wikipedia.org/wiki/Vern_Schuppan
driverID268,heyer,,,Hans,Heyer,16/03/1943,German,http://en.wikipedia.org/wiki/Hans_Heyer
driverID269,pilette,,,Teddy,Pilette,26/07/1942,Belgian,http://en.wikipedia.org/wiki/Teddy_Pilette
driverID270,ashley,,,Ian,Ashley,26/10/1947,British,http://en.wikipedia.org/wiki/Ian_Ashley
driverID271,kessel,,,Loris,Kessel,01/04/1950,Swiss,http://en.wikipedia.org/wiki/Loris_Kessel
driverID272,takahashi,,,Kunimitsu,Takahashi,29/01/1940,Japanese,http://en.wikipedia.org/wiki/Kunimitsu_Takahashi
driverID273,hoshino,,,Kazuyoshi,Hoshino,01/07/1947,Japanese,http://en.wikipedia.org/wiki/Kazuyoshi_Hoshino
driverID274,takahara,,,Noritake,Takahara,06/06/1951,Japanese,http://en.wikipedia.org/wiki/Noritake_Takahara
driverID275,lombardi,,,Lella,Lombardi,26/03/1941,Italian,http://en.wikipedia.org/wiki/Lella_Lombardi
driverID276,evans,,,Bob,Evans,11/06/1947,British,http://en.wikipedia.org/wiki/Bob_Evans_(race_driver)
driverID277,leclere,,,Michel,LeclÃ¨re,18/03/1946,French,http://en.wikipedia.org/wiki/Michel_Lecl%C3%A8re
driverID278,amon,,,Chris,Amon,20/07/1943,New Zealander,http://en.wikipedia.org/wiki/Chris_Amon
driverID279,zapico,,,Emilio,Zapico,27/05/1944,Spanish,http://en.wikipedia.org/wiki/Emilio_Zapico
driverID280,pescarolo,,,Henri,Pescarolo,25/09/1942,French,http://en.wikipedia.org/wiki/Henri_Pescarolo
driverID281,nelleman,,,Jac,Nelleman,19/04/1944,Danish,http://en.wikipedia.org/wiki/Jac_Nelleman
driverID282,magee,,,Damien,Magee,17/11/1945,British,http://en.wikipedia.org/wiki/Damien_Magee
driverID283,wilds,,,Mike,Wilds,07/01/1946,British,http://en.wikipedia.org/wiki/Mike_Wilds
driverID284,pesenti_rossi,,,Alessandro,Pesenti-Rossi,31/08/1942,Italian,http://en.wikipedia.org/wiki/Alessandro_Pesenti-Rossi
driverID285,stuppacher,,,Otto,Stuppacher,03/03/1947,Austrian,http://en.wikipedia.org/wiki/Otto_Stuppacher
driverID286,brown,,,Warwick,Brown,24/12/1949,Australian,http://en.wikipedia.org/wiki/Warwick_Brown
driverID287,hasemi,,,Masahiro,Hasemi,13/11/1945,Japanese,http://en.wikipedia.org/wiki/Masahiro_Hasemi
driverID288,donohue,,,Mark,Donohue,18/03/1937,American,http://en.wikipedia.org/wiki/Mark_Donohue
driverID289,hill,,,Graham,Hill,15/02/1929,British,http://en.wikipedia.org/wiki/Graham_Hill
driverID290,wilson_fittipaldi,,,Wilson,Fittipaldi,25/12/1943,Brazilian,http://en.wikipedia.org/wiki/Wilson_Fittipaldi
driverID291,tunmer,,,Guy,Tunmer,01/12/1948,South African,http://en.wikipedia.org/wiki/Guy_Tunmer
driverID292,keizan,,,Eddie,Keizan,12/09/1944,South African,http://en.wikipedia.org/wiki/Eddie_Keizan
driverID293,charlton,,,Dave,Charlton,27/10/1936,South African,http://en.wikipedia.org/wiki/Dave_Charlton
driverID294,brise,,,Tony,Brise,28/03/1952,British,http://en.wikipedia.org/wiki/Tony_Brise
driverID295,wunderink,,,Roelof,Wunderink,12/12/1948,Dutch,http://en.wikipedia.org/wiki/Roelof_Wunderink
driverID296,migault,,,FranÃ§ois,Migault,04/12/1944,French,http://en.wikipedia.org/wiki/Fran%C3%A7ois_Migault
driverID297,palm,,,Torsten,Palm,23/07/1947,Swedish,http://en.wikipedia.org/wiki/Torsten_Palm
driverID298,lennep,,,Gijs,van Lennep,16/03/1942,Dutch,http://en.wikipedia.org/wiki/Gijs_Van_Lennep
driverID299,fushida,,,Hiroshi,Fushida,10/03/1946,Japanese,http://en.wikipedia.org/wiki/Hiroshi_Fushida
driverID300,nicholson,,,John,Nicholson,06/10/1941,New Zealander,http://en.wikipedia.org/wiki/John_Nicholson_(racing_driver)
driverID301,morgan,,,Dave,Morgan,07/08/1944,British,http://en.wikipedia.org/wiki/Dave_Morgan_(racing_driver)
driverID302,crawford,,,Jim,Crawford,13/02/1948,British,http://en.wikipedia.org/wiki/Jim_Crawford_(driver)
driverID303,vonlanthen,,,Jo,Vonlanthen,31/05/1942,Swiss,http://en.wikipedia.org/wiki/Jo_Vonlanthen
driverID304,hulme,,,Denny,Hulme,18/06/1936,New Zealander,http://en.wikipedia.org/wiki/Denny_Hulme
driverID305,hailwood,,,Mike,Hailwood,02/04/1940,British,http://en.wikipedia.org/wiki/Mike_Hailwood
driverID306,beltoise,,,Jean-Pierre,Beltoise,26/04/1937,French,http://en.wikipedia.org/wiki/Jean-Pierre_Beltoise
driverID307,ganley,,,Howden,Ganley,24/12/1941,New Zealander,http://en.wikipedia.org/wiki/Howden_Ganley
driverID308,robarts,,,Richard,Robarts,22/09/1944,British,http://en.wikipedia.org/wiki/Richard_Robarts
driverID309,revson,,,Peter,Revson,27/02/1939,American,http://en.wikipedia.org/wiki/Peter_Revson
driverID310,driver,,,Paddy,Driver,13/05/1934,South African,http://en.wikipedia.org/wiki/Paddy_Driver
driverID311,belso,,,Tom,BelsÃ¸,27/08/1942,Danish,http://en.wikipedia.org/wiki/Tom_Bels%C3%B8
driverID312,redman,,,Brian,Redman,09/03/1937,British,http://en.wikipedia.org/wiki/Brian_Redman
driverID313,opel,,,Rikky,von Opel,14/10/1947,Liechtensteiner,http://en.wikipedia.org/wiki/Rikky_von_Opel
driverID314,schenken,,,Tim,Schenken,26/09/1943,Australian,http://en.wikipedia.org/wiki/Tim_Schenken
driverID315,larrousse,,,GÃ©rard,Larrousse,23/05/1940,French,http://en.wikipedia.org/wiki/G%C3%A9rard_Larrousse
driverID316,kinnunen,,,Leo,Kinnunen,05/08/1943,Finnish,http://en.wikipedia.org/wiki/Leo_Kinnunen
driverID317,wisell,,,Reine,Wisell,30/09/1941,Swedish,http://en.wikipedia.org/wiki/Reine_Wisell
driverID318,roos,,,Bertil,Roos,12/10/1943,Swedish,http://en.wikipedia.org/wiki/Bertil_Roos
driverID319,dolhem,,,JosÃ©,Dolhem,26/04/1944,French,http://en.wikipedia.org/wiki/Jos%C3%A9_Dolhem
driverID320,gethin,,,Peter,Gethin,21/02/1940,British,http://en.wikipedia.org/wiki/Peter_Gethin
driverID321,bell,,,Derek,Bell,31/10/1941,British,http://en.wikipedia.org/wiki/Derek_Bell_(auto_racer)
driverID322,hobbs,,,David,Hobbs,09/06/1939,British,http://en.wikipedia.org/wiki/David_Hobbs_(racing_driver)
driverID323,quester,,,Dieter,Quester,30/05/1939,Austrian,http://en.wikipedia.org/wiki/Dieter_Quester
driverID324,koinigg,,,Helmuth,Koinigg,03/11/1948,Austrian,http://en.wikipedia.org/wiki/Helmuth_Koinigg
driverID325,facetti,,,Carlo,Facetti,26/06/1935,Italian,http://en.wikipedia.org/wiki/Carlo_Facetti
driverID326,wietzes,,,Eppie,Wietzes,28/05/1938,Canadian,http://en.wikipedia.org/wiki/Eppie_Wietzes
driverID327,cevert,,,FranÃ§ois,Cevert,25/02/1944,French,http://en.wikipedia.org/wiki/Fran%C3%A7ois_Cevert
driverID328,stewart,,,Jackie,Stewart,11/06/1939,British,http://en.wikipedia.org/wiki/Jackie_Stewart
driverID329,beuttler,,,Mike,Beuttler,13/04/1940,British,http://en.wikipedia.org/wiki/Mike_Beuttler
driverID330,galli,,,Nanni,Galli,02/10/1940,Italian,http://en.wikipedia.org/wiki/Nanni_Galli
driverID331,bueno,,,Luiz,Bueno,16/01/1937,Brazilian,http://en.wikipedia.org/wiki/Luiz_Bueno
driverID332,follmer,,,George,Follmer,27/01/1934,American,http://en.wikipedia.org/wiki/George_Follmer
driverID333,adamich,,,Andrea,de Adamich,03/10/1941,Italian,http://en.wikipedia.org/wiki/Andrea_de_Adamich
driverID334,pretorius,,,Jackie,Pretorius,22/11/1934,South African,http://en.wikipedia.org/wiki/Jackie_Pretorius
driverID335,williamson,,,Roger,Williamson,02/02/1948,British,http://en.wikipedia.org/wiki/Roger_Williamson
driverID336,mcrae,,,Graham,McRae,05/03/1940,New Zealander,http://en.wikipedia.org/wiki/Graham_McRae
driverID337,marko,,,Helmut,Marko,27/04/1943,Austrian,http://en.wikipedia.org/wiki/Helmut_Marko
driverID338,walker,,,David,Walker,10/06/1941,Australian,http://en.wikipedia.org/wiki/David_Walker_(racing_driver)
driverID339,roig,,,Alex,Soler-Roig,29/10/1932,Spanish,http://en.wikipedia.org/wiki/Alex_Soler-Roig
driverID340,love,,,John,Love,07/12/1924,Rhodesian,http://en.wikipedia.org/wiki/John_Love_(racing_driver)
driverID341,surtees,,,John,Surtees,11/02/1934,British,http://en.wikipedia.org/wiki/John_Surtees
driverID342,barber,,,Skip,Barber,16/11/1936,American,http://en.wikipedia.org/wiki/Skip_Barber
driverID343,brack,,,Bill,Brack,26/12/1935,Canadian,http://en.wikipedia.org/wiki/Bill_Brack
driverID344,posey,,,Sam,Posey,26/05/1944,American,http://en.wikipedia.org/wiki/Sam_Posey
driverID345,rodriguez,,,Pedro,RodrÃ_guez,18/01/1940,Mexican,http://en.wikipedia.org/wiki/Pedro_Rodr%C3%ADguez_(racing_driver)
driverID346,siffert,,,Jo,Siffert,07/07/1936,Swiss,http://en.wikipedia.org/wiki/Jo_Siffert
driverID347,bonnier,,,Jo,Bonnier,31/01/1930,Swedish,http://en.wikipedia.org/wiki/Joakim_Bonnier
driverID348,mazet,,,FranÃ§ois,Mazet,24/02/1943,French,http://en.wikipedia.org/wiki/Fran%C3%A7ois_Mazet
driverID349,jean,,,Max,Jean,27/07/1943,French,http://en.wikipedia.org/wiki/Max_Jean
driverID350,elford,,,Vic,Elford,10/06/1935,British,http://en.wikipedia.org/wiki/Vic_Elford
driverID351,moser,,,Silvio,Moser,24/04/1941,Swiss,http://en.wikipedia.org/wiki/Silvio_Moser
driverID352,eaton,,,George,Eaton,12/11/1945,Canadian,http://en.wikipedia.org/wiki/George_Eaton
driverID353,lovely,,,Pete,Lovely,11/04/1926,American,http://en.wikipedia.org/wiki/Pete_Lovely
driverID354,craft,,,Chris,Craft,17/11/1939,British,http://en.wikipedia.org/wiki/Chris_Craft_(racing_driver)
driverID355,Cannoc,,,John,Cannon,21/06/1933,Canadian,http://en.wikipedia.org/wiki/John_Cannon_(auto_racer)
driverID356,jack_brabham,,,Jack,Brabham,02/04/1926,Australian,http://en.wikipedia.org/wiki/Jack_Brabham
driverID357,miles,,,John,Miles,14/06/1943,British,http://en.wikipedia.org/wiki/John_Miles_(auto_racer)
driverID358,rindt,,,Jochen,Rindt,18/04/1942,Austrian,http://en.wikipedia.org/wiki/Jochen_Rindt
driverID359,gavin,,,Johnny,Servoz-Gavin,18/01/1942,French,http://en.wikipedia.org/wiki/Johnny_Servoz-Gavin
driverID360,mclaren,,,Bruce,McLaren,30/08/1937,New Zealander,http://en.wikipedia.org/wiki/Bruce_McLaren
driverID361,courage,,,Piers,Courage,27/05/1942,British,http://en.wikipedia.org/wiki/Piers_Courage
driverID362,klerk,,,Peter,de Klerk,16/03/1935,South African,http://en.wikipedia.org/wiki/Peter_de_Klerk
driverID363,giunti,,,Ignazio,Giunti,30/08/1941,Italian,http://en.wikipedia.org/wiki/Ignazio_Giunti
driverID364,gurney,,,Dan,Gurney,13/04/1931,American,http://en.wikipedia.org/wiki/Dan_Gurney
driverID365,hahne,,,Hubert,Hahne,28/03/1935,German,http://en.wikipedia.org/wiki/Hubert_Hahne
driverID366,hutchison,,,Gus,Hutchison,26/04/1937,American,http://en.wikipedia.org/wiki/Gus_Hutchison
driverID367,westbury,,,Peter,Westbury,26/05/1938,British,http://en.wikipedia.org/wiki/Peter_Westbury
driverID368,tingle,,,Sam,Tingle,24/08/1921,Rhodesian,http://en.wikipedia.org/wiki/Sam_Tingle
driverID369,rooyen,,,Basil,van Rooyen,19/04/1939,South African,http://en.wikipedia.org/wiki/Basil_van_Rooyen
driverID370,attwood,,,Richard,Attwood,04/04/1940,British,http://en.wikipedia.org/wiki/Richard_Attwood
driverID371,pease,,,Al,Pease,15/10/1921,Canadian,http://en.wikipedia.org/wiki/Al_Pease
driverID372,cordts,,,John,Cordts,23/07/1935,Canadian,http://en.wikipedia.org/wiki/John_Cordts
driverID373,clark,,,Jim,Clark,04/03/1936,British,http://en.wikipedia.org/wiki/Jim_Clark
driverID374,spence,,,Mike,Spence,30/12/1936,British,http://en.wikipedia.org/wiki/Mike_Spence
driverID375,scarfiotti,,,Ludovico,Scarfiotti,18/10/1933,Italian,http://en.wikipedia.org/wiki/Ludovico_Scarfiotti
driverID376,bianchi,,BIA,Lucien,Bianchi,10/11/1934,Belgian,http://en.wikipedia.org/wiki/Lucien_Bianchi
driverID377,jo_schlesser,,,Jo,Schlesser,18/05/1928,French,http://en.wikipedia.org/wiki/Jo_Schlesser
driverID378,widdows,,,Robin,Widdows,27/05/1942,British,http://en.wikipedia.org/wiki/Robin_Widdows
driverID379,ahrens,,,Kurt,Ahrens,19/04/1940,German,"http://en.wikipedia.org/wiki/Kurt_Ahrens,_Jr."
driverID380,gardner,,,Frank,Gardner,01/10/1930,Australian,http://en.wikipedia.org/wiki/Frank_Gardner_(driver)
driverID381,unser,,,Bobby,Unser,20/02/1934,American,http://en.wikipedia.org/wiki/Bobby_Unser
driverID382,solana,,,MoisÃ©s,Solana,26/12/1935,Mexican,http://en.wikipedia.org/wiki/Mois%C3%A9s_Solana
driverID383,anderson,,,Bob,Anderson,19/05/1931,British,http://en.wikipedia.org/wiki/Bob_Anderson_(racing_driver)
driverID384,botha,,,Luki,Botha,16/01/1930,South African,http://en.wikipedia.org/wiki/Luki_Botha
driverID385,bandini,,,Lorenzo,Bandini,21/12/1935,Italian,http://en.wikipedia.org/wiki/Lorenzo_Bandini
driverID386,ginther,,,Richie,Ginther,05/08/1930,American,http://en.wikipedia.org/wiki/Richie_Ginther
driverID387,parkes,,,Mike,Parkes,24/09/1931,British,http://en.wikipedia.org/wiki/Mike_Parkes
driverID388,irwin,,,Chris,Irwin,27/06/1942,British,http://en.wikipedia.org/wiki/Chris_Irwin
driverID389,ligier,,,Guy,Ligier,12/07/1930,French,http://en.wikipedia.org/wiki/Guy_Ligier
driverID390,rees,,,Alan,Rees,12/01/1938,British,http://en.wikipedia.org/wiki/Alan_Rees_(racing_driver)
driverID391,hart,,,Brian,Hart,07/09/1936,British,http://en.wikipedia.org/wiki/Brian_Hart
driverID392,fisher,,,Mike,Fisher,13/03/1943,American,http://en.wikipedia.org/wiki/Mike_Fisher_(driver)
driverID393,tom_jones,,,Tom,Jones,26/04/1943,American,http://en.wikipedia.org/wiki/Tom_Jones_(auto_racer)
driverID394,baghetti,,,Giancarlo,Baghetti,25/12/1934,Italian,http://en.wikipedia.org/wiki/Giancarlo_Baghetti
driverID395,williams,,,Jonathan,Williams,26/10/1942,British,http://en.wikipedia.org/wiki/Jonathan_Williams_(racing_driver)
driverID396,bondurant,,,Bob,Bondurant,27/04/1933,American,http://en.wikipedia.org/wiki/Bob_Bondurant
driverID397,arundell,,,Peter,Arundell,08/11/1933,British,http://en.wikipedia.org/wiki/Peter_Arundell
driverID398,vic_wilson,,,Vic,Wilson,14/04/1931,British,http://en.wikipedia.org/wiki/Vic_Wilson_(motor_racing_driver)
driverID399,taylor,,,John,Taylor,23/03/1933,British,http://en.wikipedia.org/wiki/John_Taylor_(racer)
driverID400,lawrence,,,Chris,Lawrence,27/07/1933,British,http://en.wikipedia.org/wiki/Chris_Lawrence_(racing_driver)
driverID401,trevor_taylor,,,Trevor,Taylor,26/12/1936,British,http://en.wikipedia.org/wiki/Trevor_Taylor
driverID402,geki,,,Giacomo,Russo,23/10/1937,Italian,http://en.wikipedia.org/wiki/Geki_(driver)
driverID403,phil_hill,,,Phil,Hill,20/04/1927,American,http://en.wikipedia.org/wiki/Phil_Hill
driverID404,ireland,,,Innes,Ireland,12/06/1930,British,http://en.wikipedia.org/wiki/Innes_Ireland
driverID405,bucknum,,,Ronnie,Bucknum,05/04/1936,American,http://en.wikipedia.org/wiki/Ronnie_Bucknum
driverID406,hawkins,,,Paul,Hawkins,12/10/1937,Australian,http://en.wikipedia.org/wiki/Paul_Hawkins_(racing_driver)
driverID407,prophet,,,David,Prophet,09/10/1937,British,http://en.wikipedia.org/wiki/David_Prophet
driverID408,maggs,,,Tony,Maggs,09/02/1937,South African,http://en.wikipedia.org/wiki/Tony_Maggs
driverID409,blokdyk,,,Trevor,Blokdyk,30/11/1935,South African,http://en.wikipedia.org/wiki/Trevor_Blokdyk
driverID410,lederle,,,Neville,Lederle,25/09/1938,South African,http://en.wikipedia.org/wiki/Neville_Lederle
driverID411,serrurier,,,Doug,Serrurier,09/12/1920,South African,http://en.wikipedia.org/wiki/Doug_Serrurier
driverID412,niemann,,,Brausch,Niemann,07/01/1939,South African,http://en.wikipedia.org/wiki/Brausch_Niemann
driverID413,pieterse,,,Ernie,Pieterse,04/07/1938,South African,http://en.wikipedia.org/wiki/Ernie_Pieterse
driverID414,puzey,,,Clive,Puzey,11/07/1941,Rhodesian,http://en.wikipedia.org/wiki/Clive_Puzey
driverID415,reed,,,Ray,Reed,,South African,http://en.wikipedia.org/wiki/Ray_Reed
driverID416,clapham,,,David,Clapham,18/05/1931,South African,http://en.wikipedia.org/wiki/David_Clapham
driverID417,blignaut,,,Alex,Blignaut,30/11/1932,South African,http://en.wikipedia.org/wiki/Alex_Blignaut
driverID418,gregory,,,Masten,Gregory,29/02/1932,American,http://en.wikipedia.org/wiki/Masten_Gregory
driverID419,rhodes,,,John,Rhodes,18/08/1927,British,http://en.wikipedia.org/wiki/John_Rhodes_(driver)
driverID420,raby,,,Ian,Raby,22/09/1921,British,http://en.wikipedia.org/wiki/Ian_Raby
driverID421,rollinson,,,Alan,Rollinson,15/05/1943,British,http://en.wikipedia.org/wiki/Alan_Rollinson
driverID422,gubby,,,Brian,Gubby,17/04/1934,British,http://en.wikipedia.org/wiki/Brian_Gubby
driverID423,mitter,,,Gerhard,Mitter,30/08/1935,German,http://en.wikipedia.org/wiki/Gerhard_Mitter
driverID424,bussinello,,,Roberto,Bussinello,04/10/1927,Italian,http://en.wikipedia.org/wiki/Roberto_Bussinello
driverID425,vaccarella,,,Nino,Vaccarella,04/03/1933,Italian,http://en.wikipedia.org/wiki/Nino_Vaccarella
driverID426,bassi,,,Giorgio,Bassi,20/01/1934,Italian,http://en.wikipedia.org/wiki/Giorgio_Bassi
driverID427,trintignant,,,Maurice,Trintignant,30/10/1917,French,http://en.wikipedia.org/wiki/Maurice_Trintignant
driverID428,collomb,,,Bernard,Collomb,07/10/1930,French,http://en.wikipedia.org/wiki/Bernard_Collomb
driverID429,andre_pilette,,,AndrÃ©,Pilette,06/10/1918,Belgian,http://en.wikipedia.org/wiki/Andr%C3%A9_Pilette
driverID430,beaufort,,,Carel Godin,de Beaufort,10/04/1934,Dutch,http://en.wikipedia.org/wiki/Carel_Godin_de_Beaufort
driverID431,barth,,,Edgar,Barth,26/01/1917,German,http://en.wikipedia.org/wiki/Edgar_Barth
driverID432,cabral,,,MÃ¡rio de AraÃºjo,Cabral,15/01/1934,Portuguese,http://en.wikipedia.org/wiki/Mario_de_Araujo_Cabral
driverID433,hansgen,,,Walt,Hansgen,28/10/1919,American,http://en.wikipedia.org/wiki/Walt_Hansgen
driverID434,sharp,,,Hap,Sharp,01/01/1928,American,http://en.wikipedia.org/wiki/Hap_Sharp
driverID435,mairesse,,,Willy,Mairesse,01/10/1928,Belgian,http://en.wikipedia.org/wiki/Willy_Mairesse
driverID436,campbell-jones,,,John,Campbell-Jones,21/01/1930,British,http://en.wikipedia.org/wiki/John_Campbell-Jones
driverID437,burgess,,,Ian,Burgess,06/07/1930,British,http://en.wikipedia.org/wiki/Ian_Burgess
driverID438,settember,,,Tony,Settember,10/07/1926,American,http://en.wikipedia.org/wiki/Tony_Settember
driverID439,estefano,,,Nasif,EstÃ©fano,18/11/1932,Argentine,http://en.wikipedia.org/wiki/Nasif_Est%C3%A9fano
driverID440,hall,,,Jim,Hall,23/07/1935,American,http://en.wikipedia.org/wiki/Jim_Hall_(race_car_driver)
driverID441,parnell,,,Tim,Parnell,25/06/1932,British,http://en.wikipedia.org/wiki/Tim_Parnell
driverID442,kuhnke,,,Kurt,Kuhnke,30/04/1910,German,http://en.wikipedia.org/wiki/Kurt_Kuhnke
driverID443,ernesto_brambilla,,,Ernesto,Brambilla,31/01/1934,Italian,http://en.wikipedia.org/wiki/Ernesto_Brambilla
driverID444,lippi,,,Roberto,Lippi,17/10/1926,Italian,http://en.wikipedia.org/wiki/Roberto_Lippi
driverID445,seiffert,,,GÃ_nther,Seiffert,18/10/1937,German,http://en.wikipedia.org/wiki/G%C3%BCnther_Seiffert
driverID446,abate,,,Carlo,Abate,10/07/1932,Italian,http://en.wikipedia.org/wiki/Carlo_Mario_Abate
driverID447,starrabba,,,Gaetano,Starrabba,03/12/1932,Italian,http://en.wikipedia.org/wiki/Gaetano_Starrabba
driverID448,broeker,,,Peter,Broeker,15/05/1926,Canadian,http://en.wikipedia.org/wiki/Peter_Broeker
driverID449,ward,,,Rodger,Ward,10/01/1921,American,http://en.wikipedia.org/wiki/Rodger_Ward
driverID450,vos,,,Ernie,de Vos,01/07/1941,Dutch,http://en.wikipedia.org/wiki/Ernie_de_Vos
driverID451,dochnal,,,Frank,Dochnal,08/10/1920,American,http://en.wikipedia.org/wiki/Frank_Dochnal
driverID452,monarch,,,Thomas,Monarch,03/09/1945,American,
driverID842,gasly,10,GAS,Pierre,Gasly,07/02/1996,French,http://en.wikipedia.org/wiki/Pierre_Gasly
driverID453,lewis,,,Jackie,Lewis,01/11/1936,British,http://en.wikipedia.org/wiki/Jackie_Lewis
driverID454,ricardo_rodriguez,,,Ricardo,RodrÃ_guez,14/02/1942,Mexican,http://en.wikipedia.org/wiki/Ricardo_Rodr%C3%ADguez_(Formula_One)
driverID455,seidel,,,Wolfgang,Seidel,04/07/1926,German,http://en.wikipedia.org/wiki/Wolfgang_Seidel
driverID456,salvadori,,,Roy,Salvadori,12/05/1922,British,http://en.wikipedia.org/wiki/Roy_Salvadori
driverID457,pon,,,Ben,Pon,09/12/1936,Dutch,http://en.wikipedia.org/wiki/Ben_Pon
driverID458,slotemaker,,,Rob,Slotemaker,13/06/1929,Dutch,http://en.wikipedia.org/wiki/Rob_Slotemaker
driverID459,marsh,,,Tony,Marsh,20/07/1931,British,http://en.wikipedia.org/wiki/Tony_Marsh_(racing_driver)
driverID460,ashmore,,,Gerry,Ashmore,25/07/1936,British,http://en.wikipedia.org/wiki/Gerry_Ashmore
driverID461,schiller,,,Heinz,Schiller,25/01/1930,Swiss,http://en.wikipedia.org/wiki/Heinz_Schiller
driverID462,davis,,,Colin,Davis,29/07/1933,British,http://en.wikipedia.org/wiki/Colin_Davis_(driver)
driverID463,chamberlain,,,Jay,Chamberlain,29/12/1925,American,http://en.wikipedia.org/wiki/Jay_Chamberlain
driverID464,shelly,,,Tony,Shelly,02/02/1937,New Zealander,http://en.wikipedia.org/wiki/Tony_Shelly
driverID465,greene,,,Keith,Greene,05/01/1938,British,http://en.wikipedia.org/wiki/Keith_Greene
driverID466,walter,,,Heini,Walter,28/07/1927,Swiss,http://en.wikipedia.org/wiki/Heini_Walter
driverID467,prinoth,,,Ernesto,Prinoth,15/04/1923,Italian,http://en.wikipedia.org/wiki/Ernesto_Prinoth
driverID468,penske,,,Roger,Penske,20/02/1937,American,http://en.wikipedia.org/wiki/Roger_Penske
driverID469,schroeder,,,Rob,Schroeder,11/05/1926,British,http://en.wikipedia.org/wiki/Rob_Schroeder
driverID470,mayer,,,Timmy,Mayer,22/02/1938,American,http://en.wikipedia.org/wiki/Timmy_Mayer
driverID471,johnstone,,,Bruce,Johnstone,30/01/1937,South African,http://en.wikipedia.org/wiki/Bruce_Johnstone_(racing_driver)
driverID472,harris,,,Mike,Harris,25/05/1939,South African,http://en.wikipedia.org/wiki/Mike_Harris_(race_car_driver)
driverID473,hocking,,,Gary,Hocking,30/09/1937,Rhodesian,http://en.wikipedia.org/wiki/Gary_Hocking
driverID474,vyver,,,Syd,van der Vyver,01/06/1920,South African,http://en.wikipedia.org/wiki/Syd_van_der_Vyver
driverID475,moss,,,Stirling,Moss,17/09/1929,British,http://en.wikipedia.org/wiki/Stirling_Moss
driverID476,trips,,,Wolfgang,von Trips,04/05/1928,German,http://en.wikipedia.org/wiki/Wolfgang_Graf_Berghe_von_Trips
driverID477,allison,,,Cliff,Allison,08/02/1932,British,http://en.wikipedia.org/wiki/Cliff_Allison
driverID478,herrmann,,,Hans,Herrmann,23/02/1928,German,http://en.wikipedia.org/wiki/Hans_Herrmann
driverID479,brooks,,,Tony,Brooks,25/02/1932,British,http://en.wikipedia.org/wiki/Tony_Brooks
driverID480,may,,,Michael,May,18/08/1934,Swiss,http://en.wikipedia.org/wiki/Michael_May_(racing_driver)
driverID481,henry_taylor,,,Henry,Taylor,16/12/1932,British,http://en.wikipedia.org/wiki/Henry_Taylor_(racing_driver)
driverID482,gendebien,,,Olivier,Gendebien,12/01/1924,Belgian,http://en.wikipedia.org/wiki/Olivier_Gendebien
driverID483,scarlatti,,,Giorgio,Scarlatti,02/10/1921,Italian,http://en.wikipedia.org/wiki/Giorgio_Scarlatti
driverID484,naylor,,,Brian,Naylor,24/03/1923,British,http://en.wikipedia.org/wiki/Brian_Naylor
driverID485,bordeu,,,Juan Manuel,Bordeu,28/01/1934,Argentine,http://en.wikipedia.org/wiki/Juan_Manuel_Bordeu
driverID486,fairman,,,Jack,Fairman,15/03/1913,British,http://en.wikipedia.org/wiki/Jack_Fairman
driverID487,natili,,,Massimo,Natili,28/07/1935,Italian,http://en.wikipedia.org/wiki/Massimo_Natili
driverID488,monteverdi,,,Peter,Monteverdi,07/06/1934,Swiss,http://en.wikipedia.org/wiki/Peter_Monteverdi
driverID489,pirocchi,,,Renato,Pirocchi,26/03/1933,Italian,http://en.wikipedia.org/wiki/Renato_Pirocchi
driverID490,duke,,,Geoff,Duke,29/03/1923,British,http://en.wikipedia.org/wiki/Geoff_Duke
driverID491,thiele,,,Alfonso,Thiele,05/04/1920,American-Italian,http://en.wikipedia.org/wiki/Alfonso_Thiele
driverID492,boffa,,,Menato,Boffa,04/01/1930,Italian,http://en.wikipedia.org/wiki/Menato_Boffa
driverID493,ryan,,,Peter,Ryan,10/06/1940,Canadian,http://en.wikipedia.org/wiki/Peter_Ryan_(driver)
driverID494,ruby,,,Lloyd,Ruby,12/01/1928,American,http://en.wikipedia.org/wiki/Lloyd_Ruby
driverID495,ken_miles,,,Ken,Miles,01/11/1918,British,http://en.wikipedia.org/wiki/Ken_Miles
driverID496,menditeguy,,,Carlos,Menditeguy,10/08/1914,Argentine,http://en.wikipedia.org/wiki/Carlos_Menditeguy
driverID497,larreta,,,Alberto Rodriguez,Larreta,14/01/1934,Argentine,http://en.wikipedia.org/wiki/Alberto_Rodriguez_Larreta
driverID498,gonzalez,,,JosÃ© FroilÃ¡n,GonzÃ¡lez,05/10/1922,Argentine,http://en.wikipedia.org/wiki/Jos%C3%A9_Froil%C3%A1n_Gonz%C3%A1lez
driverID499,bonomi,,,Roberto,Bonomi,30/09/1919,Argentine,http://en.wikipedia.org/wiki/Roberto_Bonomi
driverID500,munaron,,,Gino,Munaron,02/04/1928,Italian,http://en.wikipedia.org/wiki/Gino_Munaron
driverID501,schell,,,Harry,Schell,29/06/1921,American,http://en.wikipedia.org/wiki/Harry_Schell
driverID502,stacey,,,Alan,Stacey,29/08/1933,British,http://en.wikipedia.org/wiki/Alan_Stacey
driverID503,chimeri,,,Ettore,Chimeri,04/06/1921,Venezuelan,http://en.wikipedia.org/wiki/Ettore_Chimeri
driverID504,creus,,,Antonio,Creus,28/10/1924,Spanish,http://en.wikipedia.org/wiki/Antonio_Creus
driverID505,bristow,,,Chris,Bristow,02/12/1937,British,http://en.wikipedia.org/wiki/Chris_Bristow
driverID506,halford,,,Bruce,Halford,18/05/1931,British,http://en.wikipedia.org/wiki/Bruce_Halford
driverID507,daigh,,,Chuck,Daigh,29/11/1923,American,http://en.wikipedia.org/wiki/Chuck_Daigh
driverID508,reventlow,,,Lance,Reventlow,24/02/1936,American,http://en.wikipedia.org/wiki/Lance_Reventlow
driverID509,rathmann,,,Jim,Rathmann,16/07/1928,American,http://en.wikipedia.org/wiki/Jim_Rathmann
driverID510,goldsmith,,,Paul,Goldsmith,02/10/1925,American,http://en.wikipedia.org/wiki/Paul_Goldsmith
driverID511,branson,,,Don,Branson,02/06/1920,American,http://en.wikipedia.org/wiki/Don_Branson
driverID512,thomson,,,Johnny,Thomson,09/04/1922,American,http://en.wikipedia.org/wiki/Johnny_Thomson
driverID513,johnson,,,Eddie,Johnson,10/02/1919,American,http://en.wikipedia.org/wiki/Eddie_Johnson_(auto_racer)
driverID514,veith,,,Bob,Veith,01/11/1926,American,http://en.wikipedia.org/wiki/Bob_Veith
driverID515,tingelstad,,,Bud,Tingelstad,04/04/1928,American,http://en.wikipedia.org/wiki/Bud_Tingelstad
driverID516,christie,,,Bob,Christie,04/04/1924,American,http://en.wikipedia.org/wiki/Bob_Christie_(racing_driver)
driverID517,amick,,,Red,Amick,19/01/1929,American,http://en.wikipedia.org/wiki/Red_Amick
driverID518,darter,,,Duane,Carter,05/05/1913,American,http://en.wikipedia.org/wiki/Duane_Carter
driverID519,homeier,,,Bill,Homeier,31/08/1918,American,http://en.wikipedia.org/wiki/Bill_Homeier
driverID520,hartley,,,Gene,Hartley,28/01/1926,American,http://en.wikipedia.org/wiki/Gene_Hartley
driverID521,stevenson,,,Chuck,Stevenson,15/10/1919,American,http://en.wikipedia.org/wiki/Chuck_Stevenson
driverID522,grim,,,Bobby,Grim,04/09/1924,American,http://en.wikipedia.org/wiki/Bobby_Grim
driverID523,templeman,,,Shorty,Templeman,12/08/1919,American,http://en.wikipedia.org/wiki/Shorty_Templeman
driverID524,hurtubise,,,Jim,Hurtubise,05/12/1932,American,http://en.wikipedia.org/wiki/Jim_Hurtubise
driverID525,bryan,,,Jimmy,Bryan,28/01/1926,American,http://en.wikipedia.org/wiki/Jimmy_Bryan
driverID526,ruttman,,,Troy,Ruttman,11/03/1930,American,http://en.wikipedia.org/wiki/Troy_Ruttman
driverID527,sachs,,,Eddie,Sachs,28/05/1927,American,http://en.wikipedia.org/wiki/Eddie_Sachs
driverID528,freeland,,,Don,Freeland,25/03/1925,American,http://en.wikipedia.org/wiki/Don_Freeland
driverID529,bettenhausen,,,Tony,Bettenhausen,12/09/1916,American,http://en.wikipedia.org/wiki/Tony_Bettenhausen
driverID530,weiler,,,Wayne,Weiler,09/12/1934,American,http://en.wikipedia.org/wiki/Wayne_Weiler
driverID531,foyt,,,Anthony,Foyt,16/01/1935,American,http://en.wikipedia.org/wiki/A.J._Foyt
driverID532,russo,,,Eddie,Russo,19/11/1925,American,http://en.wikipedia.org/wiki/Eddie_Russo
driverID533,boyd,,,Johnny,Boyd,19/08/1926,American,http://en.wikipedia.org/wiki/Johnny_Boyd
driverID534,force,,,Gene,Force,15/06/1916,American,http://en.wikipedia.org/wiki/Gene_Force
driverID535,mcwithey,,,Jim,McWithey,04/07/1927,American,http://en.wikipedia.org/wiki/Jim_McWithey
driverID536,sutton,,,Len,Sutton,09/08/1925,American,http://en.wikipedia.org/wiki/Len_Sutton
driverID537,dick_rathmann,,,Dick,Rathmann,06/01/1924,American,http://en.wikipedia.org/wiki/Dick_Rathmann
driverID538,herman,,,Al,Herman,15/03/1927,American,http://en.wikipedia.org/wiki/Al_Herman
driverID539,dempsey_wilson,,,Dempsey,Wilson,11/03/1927,American,http://en.wikipedia.org/wiki/Dempsey_Wilson
driverID540,mike_taylor,,,Mike,Taylor,24/04/1934,British,http://en.wikipedia.org/wiki/Mike_Taylor_(driver)
driverID541,flockhart,,,Ron,Flockhart,16/06/1923,British,http://en.wikipedia.org/wiki/Ron_Flockhart_(auto_racing)
driverID542,piper,,,David,Piper,02/12/1930,British,http://en.wikipedia.org/wiki/David_Piper
driverID543,cabianca,,,Giulio,Cabianca,19/02/1923,Italian,http://en.wikipedia.org/wiki/Giulio_Cabianca
driverID544,drogo,,,Piero,Drogo,08/08/1926,Italian,http://en.wikipedia.org/wiki/Piero_Drogo
driverID545,gamble,,,Fred,Gamble,17/03/1932,American,http://en.wikipedia.org/wiki/Fred_Gamble_(racing_driver)
driverID546,owen,,,Arthur,Owen,23/03/1915,British,http://en.wikipedia.org/wiki/Arthur_Owen
driverID547,gould,,,Horace,Gould,20/09/1918,British,http://en.wikipedia.org/wiki/Horace_Gould
driverID548,drake,,,Bob,Drake,14/12/1919,American,http://en.wikipedia.org/wiki/Bob_Drake_(Formula_One)
driverID549,bueb,,,Ivor,Bueb,06/06/1923,British,http://en.wikipedia.org/wiki/Ivor_Bueb
driverID550,Changy,,,Alain,de Changy,05/02/1922,Belgian,http://en.wikipedia.org/wiki/Alain_de_Changy
driverID551,filippis,,,Maria,de Filippis,11/11/1926,Italian,http://en.wikipedia.org/wiki/Maria_Teresa_de_Filippis
driverID552,lucienbonnet,,,Jean,Lucienbonnet,07/01/1923,French,http://en.wikipedia.org/wiki/Jean_Lucienbonnet
driverID553,testut,,,AndrÃ©,Testut,13/04/1926,Monegasque,http://en.wikipedia.org/wiki/Andr%C3%A9_Testut
driverID554,behra,,,Jean,Behra,16/02/1921,French,http://en.wikipedia.org/wiki/Jean_Behra
driverID555,paul_russo,,,Paul,Russo,10/04/1914,American,http://en.wikipedia.org/wiki/Paul_Russo
driverID556,daywalt,,,Jimmy,Daywalt,28/08/1924,American,http://en.wikipedia.org/wiki/Jimmy_Daywalt
driverID557,arnold,,,Chuck,Arnold,30/05/1926,American,http://en.wikipedia.org/wiki/Chuck_Arnold
driverID558,keller,,,Al,Keller,11/04/1920,American,http://en.wikipedia.org/wiki/Al_Keller
driverID559,flaherty,,,Pat,Flaherty,06/01/1926,American,http://en.wikipedia.org/wiki/Pat_Flaherty_(racing_driver)
driverID560,cheesbourg,,,Bill,Cheesbourg,12/06/1927,American,http://en.wikipedia.org/wiki/Bill_Cheesbourg
driverID561,ray_crawford,,,Ray,Crawford,26/10/1915,American,http://en.wikipedia.org/wiki/Ray_Crawford
driverID562,turner,,,Jack,Turner,12/02/1920,American,http://en.wikipedia.org/wiki/Jack_Turner_(driver)
driverID563,weyant,,,Chuck,Weyant,03/04/1923,American,http://en.wikipedia.org/wiki/Chuck_Weyant
driverID564,larson,,,Jud,Larson,21/01/1923,American,http://en.wikipedia.org/wiki/Jud_Larson
driverID565,magill,,,Mike,Magill,08/02/1920,American,http://en.wikipedia.org/wiki/Mike_Magill
driverID566,shelby,,,Carroll,Shelby,11/01/1923,American,http://en.wikipedia.org/wiki/Carroll_Shelby
driverID567,orey,,,Fritz,d'Orey,25/03/1938,Brazilian,http://en.wikipedia.org/wiki/Fritz_d%27Orey
driverID568,fontes,,,Azdrubal,Fontes,26/12/1922,Uruguayan,http://en.wikipedia.org/wiki/Azdrubal_Fontes
driverID569,ashdown,,,Peter,Ashdown,16/10/1934,British,http://en.wikipedia.org/wiki/Peter_Ashdown
driverID570,bill_moss,,,Bill,Moss,04/09/1933,British,http://en.wikipedia.org/wiki/Bill_Moss_(racing_driver)
driverID571,dennis_taylor,,,Dennis,Taylor,12/06/1921,British,http://en.wikipedia.org/wiki/Dennis_Taylor_(racing_driver)
driverID572,blanchard,,,Harry,Blanchard,13/06/1929,American,http://en.wikipedia.org/wiki/Harry_Blanchard
driverID573,tomaso,,,Alessandro,de Tomaso,10/07/1928,Argentine-Italian,http://en.wikipedia.org/wiki/Alessandro_de_Tomaso
driverID574,constantine,,,George,Constantine,22/02/1918,American,http://en.wikipedia.org/wiki/George_Constantine
driverID575,said,,,Bob,Said,05/05/1932,American,http://en.wikipedia.org/wiki/Bob_Said
driverID576,cade,,,Phil,Cade,12/06/1916,American,http://en.wikipedia.org/wiki/Phil_Cade
driverID577,musso,,,Luigi,Musso,28/07/1924,Italian,http://en.wikipedia.org/wiki/Luigi_Musso
driverID578,hawthorn,,,Mike,Hawthorn,10/04/1929,British,http://en.wikipedia.org/wiki/Mike_Hawthorn
driverID579,fangio,,,Juan,Fangio,24/06/1911,Argentine,http://en.wikipedia.org/wiki/Juan_Manuel_Fangio
driverID580,godia,,,Paco,Godia,21/03/1921,Spanish,http://en.wikipedia.org/wiki/Paco_Godia
driverID581,collins,,,Peter,Collins,06/11/1931,British,http://en.wikipedia.org/wiki/Peter_Collins_(racing_driver)
driverID582,kavanagh,,,Ken,Kavanagh,12/12/1923,Australian,http://en.wikipedia.org/wiki/Ken_Kavanagh
driverID583,gerini,,,Gerino,Gerini,10/08/1928,Italian,http://en.wikipedia.org/wiki/Gerino_Gerini_(racing_driver)
driverID584,kessler,,,Bruce,Kessler,23/03/1936,American,http://en.wikipedia.org/wiki/Bruce_Kessler
driverID585,emery,,,Paul,Emery,12/11/1916,British,http://en.wikipedia.org/wiki/Paul_Emery
driverID586,piotti,,,Luigi,Piotti,27/10/1913,Italian,http://en.wikipedia.org/wiki/Luigi_Piotti
driverID587,ecclestone,,,Bernie,Ecclestone,28/10/1930,British,http://en.wikipedia.org/wiki/Bernie_Ecclestone
driverID588,taramazzo,,,Luigi,Taramazzo,05/05/1932,Italian,http://en.wikipedia.org/wiki/Luigi_Taramazzo
driverID589,chiron,,,Louis,Chiron,1899-08-03,Monegasque,http://en.wikipedia.org/wiki/Louis_Chiron
driverID590,lewis-evans,,,Stuart,Lewis-Evans,20/04/1930,British,http://en.wikipedia.org/wiki/Stuart_Lewis-Evans
driverID591,george_amick,,,George,Amick,24/10/1924,American,http://en.wikipedia.org/wiki/George_Amick
driverID592,reece,,,Jimmy,Reece,17/11/1929,American,http://en.wikipedia.org/wiki/Jimmy_Reece
driverID593,parsons,,,Johnnie,Parsons,04/07/1918,American,http://en.wikipedia.org/wiki/Johnnie_Parsons
driverID594,tolan,,,Johnnie,Tolan,22/10/1917,American,http://en.wikipedia.org/wiki/Johnnie_Tolan
driverID595,garrett,,,Billy,Garrett,24/04/1933,American,http://en.wikipedia.org/wiki/Billy_Garrett
driverID596,elisian,,,Ed,Elisian,09/12/1926,American,http://en.wikipedia.org/wiki/Ed_Elisian
driverID597,connor,,,Pat,O'Connor,09/10/1928,American,http://en.wikipedia.org/wiki/Pat_O%27Connor_(auto_racer)
driverID598,jerry_unser,,,Jerry,Unser,15/11/1932,American,http://en.wikipedia.org/wiki/Jerry_Unser
driverID599,bisch,,,Art,Bisch,10/11/1926,American,http://en.wikipedia.org/wiki/Art_Bisch
driverID600,goethals,,,Christian,Goethals,04/08/1928,Belgian,http://en.wikipedia.org/wiki/Christian_Goethals
driverID601,gibson,,,Dick,Gibson,16/04/1918,British,http://en.wikipedia.org/wiki/Dick_Gibson
driverID602,la_caze,,,Robert,La Caze,26/02/1917,French,http://en.wikipedia.org/wiki/Robert_La_Caze
driverID603,guelfi,,,AndrÃ©,Guelfi,06/05/1919,French,http://en.wikipedia.org/wiki/Andr%C3%A9_Guelfi
driverID604,picard,,,FranÃ§ois,Picard,26/04/1921,French,http://en.wikipedia.org/wiki/Fran%C3%A7ois_Picard
driverID605,bridger,,,Tom,Bridger,24/06/1934,British,http://en.wikipedia.org/wiki/Tom_Bridger
driverID606,portago,,,Alfonso,de Portago,11/10/1928,Spanish,http://en.wikipedia.org/wiki/Alfonso_de_Portago
driverID607,perdisa,,,Cesare,Perdisa,21/10/1932,Italian,http://en.wikipedia.org/wiki/Cesare_Perdisa
driverID608,castellotti,,,Eugenio,Castellotti,10/10/1930,Italian,http://en.wikipedia.org/wiki/Eugenio_Castellotti
driverID609,simon,,,AndrÃ©,Simon,05/01/1920,French,http://en.wikipedia.org/wiki/Andr%C3%A9_Simon_(racing_driver)
driverID610,leston,,,Les,Leston,16/12/1920,British,http://en.wikipedia.org/wiki/Les_Leston
driverID611,hanks,,,Sam,Hanks,13/07/1914,American,http://en.wikipedia.org/wiki/Sam_Hanks
driverID612,linden,,,Andy,Linden,05/04/1922,American,http://en.wikipedia.org/wiki/Andy_Linden_(racing_driver)
driverID613,teague,,,Marshall,Teague,22/02/1921,American,http://en.wikipedia.org/wiki/Marshall_Teague
driverID614,edmunds,,,Don,Edmunds,23/09/1930,American,http://en.wikipedia.org/wiki/Don_Edmunds
driverID615,agabashian,,,Fred,Agabashian,21/08/1913,American,http://en.wikipedia.org/wiki/Fred_Agabashian
driverID616,george,,,Elmer,George,15/07/1928,American,http://en.wikipedia.org/wiki/Elmer_George
driverID617,macdowel,,,Mike,MacDowel,13/09/1932,British,http://en.wikipedia.org/wiki/Mike_MacDowel
driverID618,mackay-fraser,,,Herbert,MacKay-Fraser,23/06/1927,American,http://en.wikipedia.org/wiki/Herbert_MacKay-Fraser
driverID619,gerard,,,Bob,Gerard,19/01/1914,British,http://en.wikipedia.org/wiki/Bob_Gerard
driverID620,maglioli,,,Umberto,Maglioli,05/06/1928,Italian,http://en.wikipedia.org/wiki/Umberto_Maglioli
driverID621,england,,,Paul,England,28/03/1929,Australian,http://en.wikipedia.org/wiki/Paul_England
driverID622,landi,,,Chico,Landi,14/07/1907,Brazilian,http://en.wikipedia.org/wiki/Chico_Landi
driverID623,uria,,,Alberto,Uria,11/07/1924,Uruguayan,http://en.wikipedia.org/wiki/Alberto_Uria
driverID624,ramos,,,Hernando,da Silva Ramos,07/12/1925,Brazilian,http://en.wikipedia.org/wiki/Hernando_da_Silva_Ramos
driverID625,bayol,,,Ã‰lie,Bayol,28/02/1914,French,http://en.wikipedia.org/wiki/%C3%89lie_Bayol
driverID626,manzon,,,Robert,Manzon,12/04/1917,French,http://en.wikipedia.org/wiki/Robert_Manzon
driverID627,rosier,,,Louis,Rosier,05/11/1905,French,http://en.wikipedia.org/wiki/Louis_Rosier
driverID628,sweikert,,,Bob,Sweikert,20/05/1926,American,http://en.wikipedia.org/wiki/Bob_Sweikert
driverID629,griffith,,,Cliff,Griffith,06/02/1916,American,http://en.wikipedia.org/wiki/Cliff_Griffith
driverID630,dinsmore,,,Duke,Dinsmore,10/04/1913,American,http://en.wikipedia.org/wiki/Duke_Dinsmore
driverID631,andrews,,,Keith,Andrews,15/06/1920,American,http://en.wikipedia.org/wiki/Keith_Andrews_(driver)
driverID632,frere,,,Paul,FrÃ¨re,30/01/1917,Belgian,http://en.wikipedia.org/wiki/Paul_Fr%C3%A8re
driverID633,villoresi,,,Luigi,Villoresi,16/05/1909,Italian,http://en.wikipedia.org/wiki/Luigi_Villoresi
driverID634,scotti,,,Piero,Scotti,11/11/1909,Italian,http://en.wikipedia.org/wiki/Piero_Scotti
driverID635,chapman,,,Colin,Chapman,19/05/1928,British,http://en.wikipedia.org/wiki/Colin_Chapman
driverID636,titterington,,,Desmond,Titterington,01/05/1928,British,http://en.wikipedia.org/wiki/Desmond_Titterington
driverID637,scott_Brown,,,Archie,Scott Brown,13/05/1927,British,http://en.wikipedia.org/wiki/Archie_Scott_Brown
driverID638,volonterio,,,Ottorino,Volonterio,07/12/1917,Swiss,http://en.wikipedia.org/wiki/Ottorino_Volonterio
driverID639,milhoux,,,AndrÃ©,Milhoux,09/12/1928,Belgian,http://en.wikipedia.org/wiki/Andr%C3%A9_Milhoux
driverID640,graffenried,,,Toulo,de Graffenried,18/05/1914,Swiss,http://en.wikipedia.org/wiki/Toulo_de_Graffenried
driverID641,taruffi,,,Piero,Taruffi,12/10/1906,Italian,http://en.wikipedia.org/wiki/Piero_Taruffi
driverID642,farina,,,Nino,Farina,30/10/1906,Italian,http://en.wikipedia.org/wiki/Nino_Farina
driverID643,mieres,,,Roberto,Mieres,03/12/1924,Argentine,http://en.wikipedia.org/wiki/Roberto_Mieres
driverID644,mantovani,,,Sergio,Mantovani,22/05/1929,Italian,http://en.wikipedia.org/wiki/Sergio_Mantovani
driverID645,bucci,,,Clemar,Bucci,04/09/1920,Argentine,http://en.wikipedia.org/wiki/Clemar_Bucci
driverID646,iglesias,,,JesÃºs,Iglesias,22/02/1922,Argentine,http://en.wikipedia.org/wiki/Jes%C3%BAs_Iglesias
driverID647,ascari,,,Alberto,Ascari,13/07/1918,Italian,http://en.wikipedia.org/wiki/Alberto_Ascari
driverID648,kling,,,Karl,Kling,16/09/1910,German,http://en.wikipedia.org/wiki/Karl_Kling
driverID649,birger,,,Pablo,Birger,07/01/1924,Argentine,http://en.wikipedia.org/wiki/Pablo_Birger
driverID650,pollet,,,Jacques,Pollet,02/07/1922,French,http://en.wikipedia.org/wiki/Jacques_Pollet
driverID651,macklin,,,Lance,Macklin,02/09/1919,British,http://en.wikipedia.org/wiki/Lance_Macklin
driverID652,whiteaway,,,Ted,Whiteaway,01/11/1928,British,http://en.wikipedia.org/wiki/Ted_Whiteaway
driverID653,davies,,,Jimmy,Davies,08/08/1929,American,http://en.wikipedia.org/wiki/Jimmy_Davies
driverID654,faulkner,,,Walt,Faulkner,16/02/1920,American,http://en.wikipedia.org/wiki/Walt_Faulkner
driverID655,niday,,,Cal,Niday,29/04/1914,American,http://en.wikipedia.org/wiki/Cal_Niday
driverID656,cross,,,Art,Cross,24/01/1918,American,http://en.wikipedia.org/wiki/Art_Cross
driverID657,vukovich,,,Bill,Vukovich,13/12/1918,American,http://en.wikipedia.org/wiki/Bill_Vukovich
driverID658,mcgrath,,,Jack,McGrath,08/10/1919,American,http://en.wikipedia.org/wiki/Jack_McGrath_(racing_driver)
driverID659,hoyt,,,Jerry,Hoyt,29/01/1929,American,http://en.wikipedia.org/wiki/Jerry_Hoyt
driverID660,claes,,,Johnny,Claes,11/08/1916,Belgian,http://en.wikipedia.org/wiki/Johnny_Claes
driverID661,peter_walker,,,Peter,Walker,07/10/1912,British,http://en.wikipedia.org/wiki/Peter_Walker_(driver)
driverID662,sparken,,,Mike,Sparken,16/06/1930,French,http://en.wikipedia.org/wiki/Mike_Sparken
driverID663,wharton,,,Ken,Wharton,21/03/1916,British,http://en.wikipedia.org/wiki/Ken_Wharton
driverID664,mcalpine,,,Kenneth,McAlpine,21/09/1920,British,http://en.wikipedia.org/wiki/Kenneth_McAlpine
driverID665,marr,,,Leslie,Marr,14/08/1922,British,http://en.wikipedia.org/wiki/Leslie_Marr
driverID666,rolt,,,Tony,Rolt,16/10/1918,British,http://en.wikipedia.org/wiki/Tony_Rolt
driverID667,fitch,,,John,Fitch,04/08/1917,American,http://en.wikipedia.org/wiki/John_Fitch_(driver)
driverID668,lucas,,,Jean,Lucas,25/04/1917,French,http://en.wikipedia.org/wiki/Jean_Lucas
driverID669,bira,,,Prince,Bira,15/07/1914,Thai,http://en.wikipedia.org/wiki/Prince_Bira
driverID670,marimon,,,Onofre,MarimÃ_n,19/12/1923,Argentine,http://en.wikipedia.org/wiki/Onofre_Marim%C3%B3n
driverID671,loyer,,,Roger,Loyer,05/08/1907,French,http://en.wikipedia.org/wiki/Roger_Loyer
driverID672,daponte,,,Jorge,Daponte,05/06/1923,Argentine,http://en.wikipedia.org/wiki/Jorge_Daponte
driverID673,nazaruk,,,Mike,Nazaruk,02/10/1921,American,http://en.wikipedia.org/wiki/Mike_Nazaruk
driverID674,crockett,,,Larry,Crockett,23/10/1926,American,http://en.wikipedia.org/wiki/Larry_Crockett
driverID675,ayulo,,,Manny,Ayulo,20/10/1921,American,http://en.wikipedia.org/wiki/Manny_Ayulo
driverID676,armi,,,Frank,Armi,12/10/1918,American,http://en.wikipedia.org/wiki/Frank_Armi
driverID677,webb,,,Travis,Webb,08/10/1910,American,http://en.wikipedia.org/wiki/Travis_Webb
driverID678,duncan,,,Len,Duncan,25/07/1911,American,http://en.wikipedia.org/wiki/Len_Duncan
driverID679,mccoy,,,Ernie,McCoy,19/02/1921,American,http://en.wikipedia.org/wiki/Ernie_McCoy
driverID680,swaters,,,Jacques,Swaters,30/10/1926,American,http://en.wikipedia.org/wiki/Jacques_Swaters
driverID681,georges_berger,,,Georges,Berger,14/09/1918,Belgian,http://en.wikipedia.org/wiki/Georges_Berger
driverID682,beauman,,,Don,Beauman,26/07/1928,British,http://en.wikipedia.org/wiki/Don_Beauman
driverID683,thorne,,,Leslie,Thorne,23/06/1916,British,http://en.wikipedia.org/wiki/Leslie_Thorne
driverID684,whitehouse,,,Bill,Whitehouse,01/04/1909,British,http://en.wikipedia.org/wiki/Bill_Whitehouse
driverID685,riseley_prichard,,,John,Riseley-Prichard,17/01/1924,British,http://en.wikipedia.org/wiki/John_Riseley-Prichard
driverID686,reg_parnell,,,Reg,Parnell,02/07/1911,British,http://en.wikipedia.org/wiki/Reg_Parnell
driverID687,whitehead,,,Peter,Whitehead,12/11/1914,British,http://en.wikipedia.org/wiki/Peter_Whitehead_(racing_driver)
driverID688,brandon,,,Eric,Brandon,18/07/1920,British,http://en.wikipedia.org/wiki/Eric_Brandon
driverID689,alan_brown,,,Alan,Brown,20/11/1919,British,http://en.wikipedia.org/wiki/Alan_Brown_(racing_driver)
driverID690,nuckey,,,Rodney,Nuckey,26/06/1929,British,http://en.wikipedia.org/wiki/Rodney_Nuckey
driverID691,lang,,,Hermann,Lang,06/04/1909,German,http://en.wikipedia.org/wiki/Hermann_Lang
driverID692,helfrich,,,Theo,Helfrich,13/05/1913,German,http://en.wikipedia.org/wiki/Theo_Helfrich
driverID693,wacker,,,Fred,Wacker,10/07/1918,American,http://en.wikipedia.org/wiki/Fred_Wacker
driverID694,riu,,,Giovanni,de Riu,10/03/1925,Italian,http://en.wikipedia.org/wiki/Giovanni_de_Riu
driverID695,galvez,,,Oscar,GÃ¡lvez,17/08/1913,Argentine,http://en.wikipedia.org/wiki/%C3%93scar_Alfredo_G%C3%A1lvez
driverID696,john_barber,,,John,Barber,22/07/1929,British,http://en.wikipedia.org/wiki/John_Barber_(racing_driver)
driverID697,bonetto,,,Felice,Bonetto,09/06/1903,Italian,http://en.wikipedia.org/wiki/Felice_Bonetto
driverID698,cruz,,,Adolfo,Cruz,28/06/1923,Argentine,http://en.wikipedia.org/wiki/Adolfo_Schewelm_Cruz
driverID699,nalon,,,Duke,Nalon,02/03/1913,American,http://en.wikipedia.org/wiki/Duke_Nalon
driverID700,scarborough,,,Carl,Scarborough,03/07/1914,American,http://en.wikipedia.org/wiki/Carl_Scarborough
driverID701,holland,,,Bill,Holland,18/12/1907,American,http://en.wikipedia.org/wiki/Bill_Holland
driverID702,bob_scott,,,Bob,Scott,04/10/1928,American,http://en.wikipedia.org/wiki/Bob_Scott_(auto_racer)
driverID703,legat,,,Arthur,Legat,1898-11-01,Belgian,http://en.wikipedia.org/wiki/Arthur_Legat
driverID704,cabantous,,,Yves,Cabantous,08/10/1904,French,http://en.wikipedia.org/wiki/Yves_Giraud_Cabantous
driverID705,crook,,,Tony,Crook,16/02/1920,British,http://en.wikipedia.org/wiki/Tony_Crook
driverID706,jimmy_stewart,,,Jimmy,Stewart,06/03/1931,British,http://en.wikipedia.org/wiki/Jimmy_Stewart_(racing_driver)
driverID707,ian_stewart,,,Ian,Stewart,15/07/1929,British,http://en.wikipedia.org/wiki/Ian_Stewart_(racing_driver)
driverID708,duncan_hamilton,,,Duncan,Hamilton,30/04/1920,British,http://en.wikipedia.org/wiki/Duncan_Hamilton_(racing_driver)
driverID709,klodwig,,,Ernst,Klodwig,23/05/1903,East German,http://en.wikipedia.org/wiki/Ernst_Klodwig
driverID710,krause,,,Rudolf,Krause,30/03/1907,East German,http://en.wikipedia.org/wiki/Rudolf_Krause
driverID711,karch,,,Oswald,Karch,06/03/1917,German,http://en.wikipedia.org/wiki/Oswald_Karch
driverID712,heeks,,,Willi,Heeks,13/02/1922,German,http://en.wikipedia.org/wiki/Willi_Heeks
driverID713,fitzau,,,Theo,Fitzau,10/02/1923,East German,http://en.wikipedia.org/wiki/Theo_Fitzau
driverID714,adolff,,,Kurt,Adolff,05/11/1921,German,http://en.wikipedia.org/wiki/Kurt_Adolff
driverID715,bechem,,,GÃ_nther,Bechem,21/12/1921,German,http://en.wikipedia.org/wiki/G%C3%BCnther_Bechem
driverID716,bauer,,,Erwin,Bauer,17/07/1912,German,http://en.wikipedia.org/wiki/Erwin_Bauer
driverID717,hans_stuck,,,Hans,von Stuck,27/12/1900,German,http://en.wikipedia.org/wiki/Hans_Von_Stuck
driverID718,loof,,,Ernst,Loof,04/07/1907,German,http://en.wikipedia.org/wiki/Ernst_Loof
driverID719,scherrer,,,Albert,Scherrer,28/02/1908,Swiss,http://en.wikipedia.org/wiki/Albert_Scherrer
driverID720,terra,,,Max,de Terra,06/10/1918,Swiss,http://en.wikipedia.org/wiki/Max_de_Terra
driverID721,hirt,,,Peter,Hirt,30/03/1910,Swiss,http://en.wikipedia.org/wiki/Peter_Hirt
driverID722,carini,,,Piero,Carini,06/03/1921,Italian,http://en.wikipedia.org/wiki/Piero_Carini
driverID723,fischer,,,Rudi,Fischer,19/04/1912,Swiss,http://en.wikipedia.org/wiki/Rudi_Fischer
driverID724,ulmen,,,Toni,Ulmen,25/01/1906,German,http://en.wikipedia.org/wiki/Toni_Ulmen
driverID725,abecassis,,,George,Abecassis,21/03/1913,British,http://en.wikipedia.org/wiki/George_Abecassis
driverID726,george_connor,,,George,Connor,16/08/1906,American,http://en.wikipedia.org/wiki/George_Connor_(driver)
driverID727,rigsby,,,Jim,Rigsby,06/06/1923,American,http://en.wikipedia.org/wiki/Jim_Rigsby
driverID728,james,,,Joe,James,23/05/1925,American,http://en.wikipedia.org/wiki/Joe_James_(racing_driver)
driverID729,schindler,,,Bill,Schindler,06/03/1909,American,http://en.wikipedia.org/wiki/Bill_Schindler
driverID730,fonder,,,George,Fonder,22/06/1917,American,http://en.wikipedia.org/wiki/George_Fonder
driverID731,banks,,,Henry,Banks,14/06/1913,American,http://en.wikipedia.org/wiki/Henry_Banks
driverID732,mcdowell,,,Johnny,McDowell,29/01/1915,American,http://en.wikipedia.org/wiki/Johnny_McDowell
driverID733,miller,,,Chet,Miller,19/07/1902,American,http://en.wikipedia.org/wiki/Chet_Miller
driverID734,ball,,,Bobby,Ball,26/08/1925,American,http://en.wikipedia.org/wiki/Bobby_Ball_(auto_racer)
driverID735,tornaco,,,Charles,de Tornaco,07/06/1927,Belgian,http://en.wikipedia.org/wiki/Charles_de_Tornaco
driverID736,laurent,,,Roger,Laurent,21/02/1913,Belgian,http://en.wikipedia.org/wiki/Roger_Laurent
driverID737,obrien,,,Robert,O'Brien,11/04/1908,American,http://en.wikipedia.org/wiki/Robert_O%27Brien_(auto_racer)
driverID738,gaze,,,Tony,Gaze,03/02/1920,Australian,http://en.wikipedia.org/wiki/Tony_Gaze
driverID739,charrington,,,Robin,Montgomerie-Charrington,23/06/1915,British,http://en.wikipedia.org/wiki/Robin_Montgomerie-Charrington
driverID740,comotti,,,Franco,Comotti,24/07/1906,Italian,http://en.wikipedia.org/wiki/Franco_Comotti
driverID741,etancelin,,,Philippe,Ã‰tancelin,1896-12-28,French,http://en.wikipedia.org/wiki/Philippe_%C3%89tancelin
driverID742,poore,,,Dennis,Poore,19/08/1916,British,http://en.wikipedia.org/wiki/Dennis_Poore
driverID743,thompson,,,Eric,Thompson,04/11/1919,British,http://en.wikipedia.org/wiki/Eric_Thompson_(racing_driver)
driverID744,downing,,,Ken,Downing,05/12/1917,British,http://en.wikipedia.org/wiki/Ken_Downing
driverID745,graham_whitehead,,,Graham,Whitehead,15/04/1922,British,http://en.wikipedia.org/wiki/Graham_Whitehead
driverID746,bianco,,,Gino,Bianco,22/07/1916,Brazilian,http://en.wikipedia.org/wiki/Gino_Bianco
driverID747,murray,,,David,Murray,28/12/1909,British,http://en.wikipedia.org/wiki/David_Murray_(driver)
driverID748,cantoni,,,Eitel,Cantoni,04/10/1906,Uruguayan,http://en.wikipedia.org/wiki/Eitel_Cantoni
driverID749,aston,,,Bill,Aston,29/03/1900,British,http://en.wikipedia.org/wiki/Bill_Aston
driverID750,brudes,,,Adolf,Brudes,1899-10-15,German,http://en.wikipedia.org/wiki/Adolf_Brudes
driverID751,riess,,,Fritz,Riess,11/07/1922,German,http://en.wikipedia.org/wiki/Fritz_Riess
driverID752,niedermayr,,,Helmut,Niedermayr,29/11/1915,German,http://en.wikipedia.org/wiki/Helmut_Niedermayr
driverID753,klenk,,,Hans,Klenk,28/10/1919,German,http://en.wikipedia.org/wiki/Hans_Klenk
driverID754,balsa,,,Marcel,Balsa,01/01/1909,French,http://en.wikipedia.org/wiki/Marcel_Balsa
driverID755,schoeller,,,Rudolf,Schoeller,27/04/1902,Swiss,http://en.wikipedia.org/wiki/Rudolf_Schoeller
driverID756,pietsch,,,Paul,Pietsch,20/06/1911,German,http://en.wikipedia.org/wiki/Paul_Pietsch
driverID757,peters,,,Josef,Peters,16/09/1914,German,http://en.wikipedia.org/wiki/Josef_Peters_(driver)
driverID758,lof,,,Dries,van der Lof,23/08/1919,Dutch,http://en.wikipedia.org/wiki/Dries_van_der_Lof
driverID759,flinterman,,,Jan,Flinterman,02/10/1919,Dutch,http://en.wikipedia.org/wiki/Jan_Flinterman
driverID760,dusio,,,Piero,Dusio,1899-10-13,Italian,http://en.wikipedia.org/wiki/Piero_Dusio
driverID761,crespo,,,Alberto,Crespo,16/01/1920,Argentine,http://en.wikipedia.org/wiki/Alberto_Crespo
driverID762,rol,,,Franco,Rol,05/06/1908,Italian,http://en.wikipedia.org/wiki/Franco_Rol
driverID763,sanesi,,,Consalvo,Sanesi,28/03/1911,Italian,http://en.wikipedia.org/wiki/Consalvo_Sanesi
driverID764,guy_mairesse,,,Guy,Mairesse,10/08/1910,French,http://en.wikipedia.org/wiki/Guy_Mairesse
driverID765,louveau,,,Henri,Louveau,25/01/1910,French,http://en.wikipedia.org/wiki/Henri_Louveau
driverID766,wallard,,,Lee,Wallard,07/09/1910,American,http://en.wikipedia.org/wiki/Lee_Wallard
driverID767,forberg,,,Carl,Forberg,04/03/1911,American,http://en.wikipedia.org/wiki/Carl_Forberg
driverID768,rose,,,Mauri,Rose,26/05/1906,American,http://en.wikipedia.org/wiki/Mauri_Rose
driverID769,mackey,,,Bill,Mackey,15/12/1927,American,http://en.wikipedia.org/wiki/Bill_Mackey
driverID770,green,,,Cecil,Green,30/09/1919,American,http://en.wikipedia.org/wiki/Cecil_Green
driverID771,walt_brown,,,Walt,Brown,30/12/1911,American,http://en.wikipedia.org/wiki/Walt_Brown_(auto_racer)
driverID772,hellings,,,Mack,Hellings,14/09/1915,American,http://en.wikipedia.org/wiki/Mack_Hellings
driverID773,levegh,,,Pierre,Levegh,22/12/1905,French,http://en.wikipedia.org/wiki/Pierre_Levegh
driverID774,chaboud,,,EugÃ¨ne,Chaboud,12/04/1907,French,http://en.wikipedia.org/wiki/Eug%C3%A8ne_Chaboud
driverID775,gordini,,,Aldo,Gordini,20/05/1921,French,http://en.wikipedia.org/wiki/Aldo_Gordini
driverID776,kelly,,,Joe,Kelly,13/03/1913,Irish,http://en.wikipedia.org/wiki/Joe_Kelly_(Formula_One)
driverID777,parker,,,Philip,Fotheringham-Parker,22/09/1907,British,http://en.wikipedia.org/wiki/Philip_Fotheringham-Parker
driverID778,shawe_taylor,,,Brian,Shawe Taylor,28/01/1915,British,http://en.wikipedia.org/wiki/Brian_Shawe_Taylor
driverID779,john_james,,,John,James,10/05/1914,British,http://en.wikipedia.org/wiki/John_James_(auto_racer)
driverID780,branca,,,Toni,Branca,15/09/1916,Swiss,http://en.wikipedia.org/wiki/Toni_Branca
driverID781,richardson,,,Ken,Richardson,21/08/1911,British,http://en.wikipedia.org/wiki/Ken_Richardson_(race_car_driver)
driverID782,jover,,,Juan,Jover,23/11/1903,Spanish,http://en.wikipedia.org/wiki/Juan_Jover
driverID783,grignard,,,Georges,Grignard,25/07/1905,French,http://en.wikipedia.org/wiki/Georges_Grignard
driverID784,hampshire,,,David,Hampshire,29/12/1917,British,http://en.wikipedia.org/wiki/David_Hampshire
driverID785,crossley,,,Geoff,Crossley,11/05/1921,British,http://en.wikipedia.org/wiki/Geoff_Crossley
driverID786,fagioli,,,Luigi,Fagioli,1898-06-09,Italian,http://en.wikipedia.org/wiki/Luigi_Fagioli
driverID787,harrison,,,Cuth,Harrison,06/07/1906,British,http://en.wikipedia.org/wiki/Cuth_Harrison
driverID788,fry,,,Joe,Fry,26/10/1915,British,http://en.wikipedia.org/wiki/Joe_Fry
driverID789,martin,,,EugÃ¨ne,Martin,24/03/1915,French,http://en.wikipedia.org/wiki/Eug%C3%A8ne_Martin
driverID790,leslie_johnson,,,Leslie,Johnson,22/03/1912,British,http://en.wikipedia.org/wiki/Leslie_Johnson_(racing_driver)
driverID791,biondetti,,,Clemente,Biondetti,1898-08-18,Italian,http://en.wikipedia.org/wiki/Clemente_Biondetti
driverID792,pian,,,Alfredo,PiÃ¡n,21/10/1912,Argentine,http://en.wikipedia.org/wiki/Alfredo_Pi%C3%A0n
driverID793,sommer,,,Raymond,Sommer,31/08/1906,French,http://en.wikipedia.org/wiki/Raymond_Sommer
driverID794,chitwood,,,Joie,Chitwood,14/04/1912,American,http://en.wikipedia.org/wiki/Joie_Chitwood
driverID795,fohr,,,Myron,Fohr,17/06/1912,American,http://en.wikipedia.org/wiki/Myron_Fohr
driverID796,ader,,,Walt,Ader,15/12/1913,American,http://en.wikipedia.org/wiki/Walt_Ader
driverID797,holmes,,,Jackie,Holmes,04/09/1920,American,http://en.wikipedia.org/wiki/Jackie_Holmes
driverID798,levrett,,,Bayliss,Levrett,14/02/1914,American,http://en.wikipedia.org/wiki/Bayliss_Levrett
driverID799,jackson,,,Jimmy,Jackson,25/07/1910,American,http://en.wikipedia.org/wiki/Jimmy_Jackson_(driver)
driverID800,pagani,,,Nello,Pagani,11/10/1911,Italian,http://en.wikipedia.org/wiki/Nello_Pagani
driverID801,pozzi,,,Charles,Pozzi,27/08/1909,French,http://en.wikipedia.org/wiki/Charles_Pozzi
driverID802,serafini,,,Dorino,Serafini,22/07/1909,Italian,http://en.wikipedia.org/wiki/Dorino_Serafini
driverID803,cantrell,,,Bill,Cantrell,31/01/1908,American,http://en.wikipedia.org/wiki/William_Cantrell
driverID804,mantz,,,Johnny,Mantz,18/09/1918,American,http://en.wikipedia.org/wiki/Johnny_Mantz
driverID805,kladis,,,Danny,Kladis,10/02/1917,American,http://en.wikipedia.org/wiki/Danny_Kladis
driverID806,oscar_gonzalez,,,Ã“scar,GonzÃ¡lez,10/11/1923,Uruguayan,http://en.wikipedia.org/wiki/Oscar_Gonz%C3%A1lez_(racing_driver)
driverID807,hulkenberg,27,HUL,Nico,HÃ_lkenberg,19/08/1987,German,http://en.wikipedia.org/wiki/Nico_H%C3%BClkenberg
driverID808,petrov,,PET,Vitaly,Petrov,08/09/1984,Russian,http://en.wikipedia.org/wiki/Vitaly_Petrov
driverID810,grassi,,DIG,Lucas,di Grassi,11/08/1984,Brazilian,http://en.wikipedia.org/wiki/Lucas_di_Grassi
driverID811,bruno_senna,,SEN,Bruno,Senna,15/10/1983,Brazilian,http://en.wikipedia.org/wiki/Bruno_Senna
driverID812,chandhok,,CHA,Karun,Chandhok,19/01/1984,Indian,http://en.wikipedia.org/wiki/Karun_Chandhok
driverID813,maldonado,13,MAL,Pastor,Maldonado,09/03/1985,Venezuelan,http://en.wikipedia.org/wiki/Pastor_Maldonado
driverID814,resta,,DIR,Paul,di Resta,16/04/1986,British,http://en.wikipedia.org/wiki/Paul_di_Resta
driverID815,perez,11,PER,Sergio,PÃ©rez,26/01/1990,Mexican,http://en.wikipedia.org/wiki/Sergio_P%C3%A9rez
driverID816,ambrosio,,DAM,JÃ©rÃ´me,d'Ambrosio,27/12/1985,Belgian,http://en.wikipedia.org/wiki/J%C3%A9r%C3%B4me_d%27Ambrosio
driverID817,ricciardo,3,RIC,Daniel,Ricciardo,01/07/1989,Australian,http://en.wikipedia.org/wiki/Daniel_Ricciardo
driverID818,vergne,25,VER,Jean-Ã‰ric,Vergne,25/04/1990,French,http://en.wikipedia.org/wiki/Jean-%C3%89ric_Vergne
driverID819,pic,,PIC,Charles,Pic,15/02/1990,French,http://en.wikipedia.org/wiki/Charles_Pic
driverID820,chilton,4,CHI,Max,Chilton,21/04/1991,British,http://en.wikipedia.org/wiki/Max_Chilton
driverID821,gutierrez,21,GUT,Esteban,GutiÃ©rrez,05/08/1991,Mexican,http://en.wikipedia.org/wiki/Esteban_Guti%C3%A9rrez
driverID822,bottas,77,BOT,Valtteri,Bottas,28/08/1989,Finnish,http://en.wikipedia.org/wiki/Valtteri_Bottas
driverID823,garde,,VDG,Giedo,van der Garde,25/04/1985,Dutch,http://en.wikipedia.org/wiki/Giedo_van_der_Garde
driverID824,jules_bianchi,17,BIA,Jules,Bianchi,03/08/1989,French,http://en.wikipedia.org/wiki/Jules_Bianchi
driverID825,kevin_magnussen,20,MAG,Kevin,Magnussen,05/10/1992,Danish,http://en.wikipedia.org/wiki/Kevin_Magnussen
driverID826,kvyat,26,KVY,Daniil,Kvyat,26/04/1994,Russian,http://en.wikipedia.org/wiki/Daniil_Kvyat
driverID827,lotterer,45,LOT,AndrÃ©,Lotterer,19/11/1981,German,http://en.wikipedia.org/wiki/Andr%C3%A9_Lotterer
driverID828,ericsson,9,ERI,Marcus,Ericsson,02/09/1990,Swedish,http://en.wikipedia.org/wiki/Marcus_Ericsson
driverID829,stevens,28,STE,Will,Stevens,28/06/1991,British,http://en.wikipedia.org/wiki/Will_Stevens
driverID830,max_verstappen,33,VER,Max,Verstappen,30/09/1997,Dutch,http://en.wikipedia.org/wiki/Max_Verstappen
driverID831,nasr,12,NAS,Felipe,Nasr,21/08/1992,Brazilian,http://en.wikipedia.org/wiki/Felipe_Nasr
driverID832,sainz,55,SAI,Carlos,Sainz,01/09/1994,Spanish,http://en.wikipedia.org/wiki/Carlos_Sainz_Jr.
driverID833,merhi,98,MER,Roberto,Merhi,22/03/1991,Spanish,http://en.wikipedia.org/wiki/Roberto_Merhi
driverID834,rossi,53,RSS,Alexander,Rossi,25/09/1991,American,http://en.wikipedia.org/wiki/Alexander_Rossi_%28racing_driver%29
driverID835,jolyon_palmer,30,PAL,Jolyon,Palmer,20/01/1991,British,http://en.wikipedia.org/wiki/Jolyon_Palmer
driverID836,wehrlein,94,WEH,Pascal,Wehrlein,18/10/1994,German,http://en.wikipedia.org/wiki/Pascal_Wehrlein
driverID837,haryanto,88,HAR,Rio,Haryanto,22/01/1993,Indonesian,http://en.wikipedia.org/wiki/Rio_Haryanto
driverID838,vandoorne,2,VAN,Stoffel,Vandoorne,26/03/1992,Belgian,http://en.wikipedia.org/wiki/Stoffel_Vandoorne
driverID839,ocon,31,OCO,Esteban,Ocon,17/09/1996,French,http://en.wikipedia.org/wiki/Esteban_Ocon
driverID840,stroll,18,STR,Lance,Stroll,29/10/1998,Canadian,http://en.wikipedia.org/wiki/Lance_Stroll
driverID841,giovinazzi,36,GIO,Antonio,Giovinazzi,14/12/1993,Italian,http://en.wikipedia.org/wiki/Antonio_Giovinazzi
driverID843,brendon_hartley,39,HAR,Brendon,Hartley,10/11/1989,New Zealander,http://en.wikipedia.org/wiki/Brendon_Hartley
